{"song":{"sectionLengths":[],"player1":"bf-car","gfVersion":"gf-car","player2":"mom-car","notes":[{"typeOfSection":0,"sectionNotes":[],"lengthInSteps":16,"bpm":95,"changeBPM":false,"mustHitSection":true},{"typeOfSection":0,"sectionNotes":[],"lengthInSteps":16,"bpm":125,"changeBPM":false,"mustHitSection":true},{"typeOfSection":0,"sectionNotes":[[3840,0,0],[4320,0,0],[4560,3,0],[4920,0,0],[5160,3,0],[5520,0,0]],"lengthInSteps":16,"bpm":125,"changeBPM":false,"mustHitSection":false},{"typeOfSection":0,"sectionNotes":[[5760,0,0],[6240,0,0],[6480,3,0],[6840,0,0],[7080,3,0],[7440,0,0]],"lengthInSteps":16,"bpm":125,"changeBPM":false,"mustHitSection":false},{"typeOfSection":0,"sectionNotes":[[7680,0,0],[8160,0,0],[8400,3,0],[9000,0,0],[9360,3,0],[8640,2,0]],"lengthInSteps":16,"bpm":125,"changeBPM":false,"mustHitSection":false},{"typeOfSection":0,"sectionNotes":[[9600,2,0],[9720,3,0],[10080,0,0],[10560,3,0],[10800,2,0],[11040,2,0],[11160,3,0],[10320,0,0]],"lengthInSteps":16,"bpm":125,"changeBPM":false,"mustHitSection":false},{"typeOfSection":0,"sectionNotes":[[11520,0,0],[12000,0,0],[12240,3,0],[12600,0,0],[12840,3,0],[13200,0,0]],"lengthInSteps":16,"bpm":125,"changeBPM":false,"mustHitSection":true},{"typeOfSection":0,"sectionNotes":[[13440,0,0],[13920,0,0],[14160,3,0],[14520,0,0],[14760,3,0],[15120,0,0]],"lengthInSteps":16,"bpm":125,"changeBPM":false,"mustHitSection":true},{"typeOfSection":0,"sectionNotes":[[15360,0,0],[15840,0,0],[16080,3,0],[16680,0,0],[17040,3,0],[16320,2,0]],"lengthInSteps":16,"bpm":125,"changeBPM":false,"mustHitSection":true},{"typeOfSection":0,"sectionNotes":[[17280,2,0],[17400,3,0],[17760,0,0],[18240,3,0],[18480,2,0],[18720,2,0],[18840,3,0],[18000,0,0],[17280,6,360],[17760,7,360],[18240,4,360],[18720,7,360]],"lengthInSteps":16,"bpm":125,"changeBPM":false,"mustHitSection":true},{"typeOfSection":0,"sectionNotes":[[19200,2,0],[19560,0,0],[19680,3,0],[20040,1,0],[20160,3,0],[20520,3,0]],"lengthInSteps":16,"bpm":125,"changeBPM":false,"mustHitSection":false},{"typeOfSection":0,"sectionNotes":[[21120,2,0],[21480,0,0],[21600,3,0],[21960,1,0],[22080,0,0],[22440,3,0],[22800,2,0]],"lengthInSteps":16,"bpm":125,"changeBPM":false,"mustHitSection":false},{"typeOfSection":0,"sectionNotes":[[23280,0,0],[23520,3,0],[23880,3,0],[24000,2,0],[24360,2,0],[24720,2,0]],"lengthInSteps":16,"bpm":125,"changeBPM":false,"mustHitSection":false},{"typeOfSection":0,"sectionNotes":[[24960,2,0],[25080,3,0],[25440,2,0],[25680,0,0],[25920,2,0],[26040,3,0],[26160,0,0],[26400,3,0],[26520,0,0],[26760,3,0],[24960,6,360],[25440,7,360],[25920,4,360],[26400,5,360]],"lengthInSteps":16,"bpm":125,"changeBPM":false,"mustHitSection":false},{"typeOfSection":0,"sectionNotes":[[26880,2,0],[27240,0,0],[27360,3,0],[27720,1,0],[27840,3,0],[28200,3,0]],"lengthInSteps":16,"bpm":125,"changeBPM":false,"mustHitSection":true},{"typeOfSection":0,"sectionNotes":[[28800,2,0],[29160,0,0],[29280,3,0],[29640,1,0],[29760,0,0],[30120,3,0],[30480,2,0]],"lengthInSteps":16,"bpm":125,"changeBPM":false,"mustHitSection":true},{"typeOfSection":0,"sectionNotes":[[30960,0,0],[31200,3,0],[31560,3,0],[31680,2,0],[32040,2,0],[32400,2,0]],"lengthInSteps":16,"bpm":125,"changeBPM":false,"mustHitSection":true},{"typeOfSection":0,"sectionNotes":[[32760,3,0],[33120,2,0],[33360,0,0],[33600,2,0],[33720,3,0],[33840,0,0],[34080,3,0],[34200,0,0],[34440,3,0],[32640,2,0]],"lengthInSteps":16,"bpm":125,"changeBPM":false,"mustHitSection":true},{"typeOfSection":0,"sectionNotes":[[34560,0,0],[34680,3,0],[35040,1,360],[35520,0,360],[36000,3,360]],"lengthInSteps":16,"bpm":125,"changeBPM":false,"mustHitSection":false},{"typeOfSection":0,"sectionNotes":[[36480,3,0],[36840,1,0],[36960,3,0],[37320,1,0],[37440,3,240],[37800,1,0],[38280,1,0],[37920,0,240]],"lengthInSteps":16,"bpm":125,"changeBPM":false,"mustHitSection":false},{"typeOfSection":0,"sectionNotes":[[38400,2,360],[38880,3,360],[39360,0,360],[39840,2,360]],"lengthInSteps":16,"bpm":125,"changeBPM":false,"mustHitSection":false},{"typeOfSection":0,"sectionNotes":[[40320,3,0],[40440,0,0],[40680,3,0],[40800,0,0],[41040,3,0],[41280,0,240],[41640,3,0],[41760,1,240],[42120,2,0]],"lengthInSteps":16,"bpm":125,"changeBPM":false,"mustHitSection":false},{"typeOfSection":0,"sectionNotes":[[42240,7,420],[42720,5,360],[43200,4,360],[43680,7,360],[42240,0,0],[42360,3,0],[42720,1,360],[43200,0,360],[43680,3,360]],"lengthInSteps":16,"bpm":125,"changeBPM":false,"mustHitSection":true},{"typeOfSection":0,"sectionNotes":[[44160,6,240],[44160,3,0],[44520,1,0],[44640,3,0],[45000,1,0],[45120,3,240],[45480,1,0],[45960,1,0],[45600,0,240],[45120,7,240],[45480,5,0],[45600,4,240],[45960,5,0]],"lengthInSteps":16,"bpm":125,"changeBPM":false,"mustHitSection":true},{"typeOfSection":0,"sectionNotes":[[46080,2,360],[46560,3,360],[47040,0,360],[47520,2,360],[46080,6,360],[46560,7,840],[47520,6,360]],"lengthInSteps":16,"bpm":125,"changeBPM":false,"mustHitSection":true},{"typeOfSection":0,"sectionNotes":[[48000,3,0],[48120,0,0],[48360,3,0],[48480,0,0],[48720,3,0],[48960,0,240],[49320,3,0],[49440,1,240],[49800,2,0]],"lengthInSteps":16,"bpm":125,"changeBPM":false,"mustHitSection":true},{"typeOfSection":0,"sectionNotes":[[49920,5,720],[49920,1,600],[50640,3,0],[50880,2,0],[51000,3,0],[51240,2,0],[51360,0,180]],"lengthInSteps":16,"bpm":125,"changeBPM":false,"mustHitSection":false},{"typeOfSection":0,"sectionNotes":[[51840,2,360],[52320,1,360],[52560,3,0],[52800,2,0],[52920,3,0],[53160,2,0],[53280,0,0]],"lengthInSteps":16,"bpm":125,"changeBPM":false,"mustHitSection":false},{"typeOfSection":0,"sectionNotes":[[53760,1,360],[54240,0,0],[54480,3,0],[54720,2,0],[54840,3,0],[55080,2,0],[55200,0,0]],"lengthInSteps":16,"bpm":125,"changeBPM":false,"mustHitSection":false},{"typeOfSection":0,"sectionNotes":[[55680,0,0],[56040,3,0],[56160,0,0],[56280,3,0],[56520,0,0],[56640,3,0],[56760,1,0],[56880,0,240],[57240,1,0]],"lengthInSteps":16,"bpm":125,"changeBPM":false,"mustHitSection":false},{"typeOfSection":0,"sectionNotes":[[57600,5,720],[57600,1,600],[58320,3,0],[58560,2,0],[58680,3,0],[58920,2,0],[59040,0,180]],"lengthInSteps":16,"bpm":125,"changeBPM":false,"mustHitSection":true},{"typeOfSection":0,"sectionNotes":[[59520,2,360],[60000,1,360],[60240,3,0],[60480,2,0],[60600,3,0],[60840,2,0],[60960,0,0]],"lengthInSteps":16,"bpm":125,"changeBPM":false,"mustHitSection":true},{"typeOfSection":0,"sectionNotes":[[61440,1,360],[61920,0,0],[62160,3,0],[62400,2,0],[62520,3,0],[62760,2,0],[62880,0,0]],"lengthInSteps":16,"bpm":125,"changeBPM":false,"mustHitSection":true},{"typeOfSection":0,"sectionNotes":[[63360,0,0],[63720,3,0],[63840,0,0],[63960,3,0],[64200,0,0],[64320,3,0],[64440,1,0],[64560,0,240],[65040,3,0],[64800,1,0]],"lengthInSteps":16,"bpm":125,"changeBPM":false,"mustHitSection":true},{"typeOfSection":0,"sectionNotes":[[65280,0,0],[65400,3,0],[65760,1,360],[66240,0,360],[66720,3,360]],"lengthInSteps":16,"bpm":125,"changeBPM":false,"mustHitSection":false},{"typeOfSection":0,"sectionNotes":[[67200,3,0],[67560,1,0],[67680,3,0],[68040,1,0],[68160,3,240],[68520,1,0],[69000,1,0],[68640,0,240]],"lengthInSteps":16,"bpm":125,"changeBPM":false,"mustHitSection":false},{"typeOfSection":0,"sectionNotes":[[69120,2,360],[69600,3,360],[70080,0,360],[70560,2,360]],"lengthInSteps":16,"bpm":125,"changeBPM":false,"mustHitSection":false},{"typeOfSection":0,"sectionNotes":[[71040,3,0],[71160,0,0],[71400,3,0],[71520,0,0],[71760,3,0],[72000,0,240],[72360,3,0],[72480,1,240],[72840,2,0]],"lengthInSteps":16,"bpm":125,"changeBPM":false,"mustHitSection":false},{"typeOfSection":0,"sectionNotes":[[72960,7,420],[73440,5,360],[73920,4,360],[74400,7,360],[72960,0,0],[73080,3,0],[73440,1,360],[73920,0,360],[74400,3,360]],"lengthInSteps":16,"bpm":125,"changeBPM":false,"mustHitSection":true},{"typeOfSection":0,"sectionNotes":[[74880,6,240],[74880,3,0],[75240,1,0],[75360,3,0],[75720,1,0],[75840,3,240],[76200,1,0],[76680,1,0],[76320,0,240],[75840,7,240],[76200,5,0],[76320,4,240],[76680,5,0]],"lengthInSteps":16,"bpm":125,"changeBPM":false,"mustHitSection":true},{"typeOfSection":0,"sectionNotes":[[76800,2,360],[77280,3,360],[77760,0,360],[78240,2,360],[76800,6,360],[77280,7,840],[78240,6,360]],"lengthInSteps":16,"bpm":125,"changeBPM":false,"mustHitSection":true},{"typeOfSection":0,"sectionNotes":[[78720,3,0],[78840,0,0],[79080,3,0],[79200,0,0],[79440,3,0],[79680,0,240],[80040,3,0],[80160,1,240],[80520,2,0]],"lengthInSteps":16,"bpm":125,"changeBPM":false,"mustHitSection":true},{"typeOfSection":0,"sectionNotes":[[80640,7,960],[80640,3,960],[82080,6,360],[82080,2,360]],"lengthInSteps":16,"bpm":125,"changeBPM":false,"mustHitSection":true},{"typeOfSection":0,"sectionNotes":[[82560,1,720],[82560,5,360],[83040,5,0],[83280,6,0],[83760,6,0],[84000,7,240],[83280,2,360],[84000,3,240]],"lengthInSteps":16,"bpm":125,"changeBPM":false,"mustHitSection":true},{"typeOfSection":0,"sectionNotes":[[84480,2,360],[84960,1,360],[85440,3,360],[85920,0,360],[84480,6,0],[84720,7,0],[84840,4,0],[84960,7,0],[85080,5,0],[85200,7,0],[85320,4,0],[85440,6,0],[85560,4,0],[85680,7,0],[85800,4,0],[85920,7,0],[86040,5,0],[86160,7,0],[86280,4,0]],"lengthInSteps":16,"bpm":125,"changeBPM":false,"mustHitSection":true},{"typeOfSection":0,"sectionNotes":[[86400,2,360],[86880,1,360],[87360,3,360],[86400,6,0],[86640,7,0],[86760,4,0],[86880,7,0],[87120,7,0],[87240,4,0],[87360,6,0],[87600,7,0],[87720,4,0],[87840,7,0],[87960,5,0],[88080,7,0],[88200,4,0],[87840,0,0],[87960,2,0],[88080,3,0]],"lengthInSteps":16,"bpm":125,"changeBPM":false,"mustHitSection":true},{"typeOfSection":0,"sectionNotes":[[88320,7,960],[88320,3,960],[89760,6,360],[89760,2,360]],"lengthInSteps":16,"bpm":125,"changeBPM":false,"mustHitSection":true},{"typeOfSection":0,"sectionNotes":[[90240,1,720],[90240,5,360],[90960,6,0],[91440,6,0],[91680,7,240],[90960,2,360],[91680,3,240]],"lengthInSteps":16,"bpm":125,"changeBPM":false,"mustHitSection":false},{"typeOfSection":0,"sectionNotes":[[92160,2,360],[92640,1,360],[93120,3,360],[93600,0,360],[92160,6,0],[92400,7,0],[92760,5,0],[92880,7,0],[93000,4,0],[93360,7,0],[93480,4,0],[93600,7,0],[93720,5,0]],"lengthInSteps":16,"bpm":125,"changeBPM":false,"mustHitSection":true},{"typeOfSection":0,"sectionNotes":[[94080,2,360],[94560,1,360],[95040,3,360],[94080,6,0],[94320,7,0],[94680,5,0],[94800,7,0],[94920,4,0],[95280,7,0],[95400,4,0],[95520,7,0],[95640,5,0],[95520,0,0],[95640,3,0],[95760,2,0]],"lengthInSteps":16,"bpm":125,"changeBPM":false,"mustHitSection":true},{"typeOfSection":0,"sectionNotes":[[96000,2,960],[96000,6,960]],"lengthInSteps":16,"bpm":125,"changeBPM":false,"mustHitSection":true},{"typeOfSection":0,"sectionNotes":[],"lengthInSteps":16,"bpm":125,"changeBPM":false,"mustHitSection":true},{"typeOfSection":0,"sectionNotes":[],"lengthInSteps":16,"bpm":125,"changeBPM":false,"mustHitSection":true},{"typeOfSection":0,"sectionNotes":[],"lengthInSteps":16,"bpm":125,"changeBPM":false,"mustHitSection":true},{"typeOfSection":0,"sectionNotes":[],"lengthInSteps":16,"bpm":125,"changeBPM":false,"mustHitSection":true},{"typeOfSection":0,"sectionNotes":[],"lengthInSteps":16,"bpm":125,"changeBPM":false,"mustHitSection":true},{"typeOfSection":0,"sectionNotes":[],"lengthInSteps":16,"bpm":125,"changeBPM":false,"mustHitSection":true},{"typeOfSection":0,"sectionNotes":[],"lengthInSteps":16,"bpm":125,"changeBPM":false,"mustHitSection":true},{"typeOfSection":0,"sectionNotes":[],"lengthInSteps":16,"bpm":125,"changeBPM":false,"mustHitSection":true},{"typeOfSection":0,"sectionNotes":[],"lengthInSteps":16,"bpm":125,"changeBPM":false,"mustHitSection":true},{"typeOfSection":0,"sectionNotes":[],"lengthInSteps":16,"bpm":125,"changeBPM":false,"mustHitSection":true},{"typeOfSection":0,"sectionNotes":[],"lengthInSteps":16,"bpm":125,"changeBPM":false,"mustHitSection":true},{"typeOfSection":0,"sectionNotes":[],"lengthInSteps":16,"bpm":125,"changeBPM":false,"mustHitSection":true},{"typeOfSection":0,"sectionNotes":[],"lengthInSteps":16,"bpm":125,"changeBPM":false,"mustHitSection":true},{"typeOfSection":0,"sectionNotes":[],"lengthInSteps":16,"bpm":125,"changeBPM":false,"mustHitSection":true},{"typeOfSection":0,"sectionNotes":[],"lengthInSteps":16,"bpm":125,"changeBPM":false,"mustHitSection":true},{"lengthInSteps":16,"altAnim":false,"typeOfSection":0,"sectionNotes":[],"bpm":125,"changeBPM":false,"mustHitSection":true}],"song":"High","stage":"limo","validScore":true,"sections":0,"needsVoices":true,"speed":1.8,"bpm":125}}