{"song":{"player1":"bf-pixel","sectionLengths":[],"notes":[{"lengthInSteps":16,"sectionNotes":[[631.578947368421,1,157.894736842105],[947.368421052632,0,0],[0,3,157.894736842105]],"typeOfSection":0,"altAnim":false,"mustHitSection":false,"changeBPM":false,"bpm":150},{"lengthInSteps":16,"sectionNotes":[[2210.52631578947,3,0],[1263.15789473684,3,0],[1736.84210526316,3,0]],"typeOfSection":0,"altAnim":false,"mustHitSection":false,"changeBPM":false,"bpm":150},{"lengthInSteps":16,"sectionNotes":[[2526.31578947368,3,0],[2842.1052631579,3,0],[3157.8947368421,1,0],[3473.68421052632,0,0]],"typeOfSection":0,"altAnim":false,"mustHitSection":false,"changeBPM":false,"bpm":190},{"lengthInSteps":16,"sectionNotes":[[4263.15789473684,3,0],[4736.84210526316,3,0],[3789.47368421053,3,0]],"typeOfSection":0,"altAnim":false,"mustHitSection":false,"changeBPM":false,"bpm":190},{"lengthInSteps":16,"sectionNotes":[[5684.21052631579,1,157.894736842105],[6000,0,0],[5052.63157894737,3,157.894736842105]],"typeOfSection":0,"altAnim":false,"mustHitSection":true,"changeBPM":false,"bpm":190},{"lengthInSteps":16,"sectionNotes":[[7263.15789473684,3,0],[6315.78947368421,3,0],[6789.47368421053,3,0]],"typeOfSection":0,"altAnim":false,"mustHitSection":true,"changeBPM":false,"bpm":190},{"lengthInSteps":16,"sectionNotes":[[7578.94736842105,3,0],[7894.73684210526,3,0],[8210.52631578947,1,0],[8526.31578947368,0,0]],"typeOfSection":0,"altAnim":false,"mustHitSection":true,"changeBPM":false,"bpm":190},{"lengthInSteps":16,"sectionNotes":[[9315.78947368421,3,0],[9789.47368421053,3,0],[8842.1052631579,3,0]],"typeOfSection":0,"altAnim":false,"mustHitSection":true,"changeBPM":false,"bpm":190},{"lengthInSteps":16,"sectionNotes":[[10105.2631578947,2,157.894736842105],[10736.8421052632,2,0],[10894.7368421053,3,0]],"typeOfSection":0,"altAnim":false,"mustHitSection":false,"changeBPM":false,"bpm":190},{"lengthInSteps":16,"sectionNotes":[[11368.4210526316,2,157.894736842105],[11842.1052631579,2,157.894736842105],[12315.7894736842,2,157.894736842105]],"typeOfSection":0,"altAnim":false,"mustHitSection":false,"changeBPM":false,"bpm":190},{"lengthInSteps":16,"sectionNotes":[[12631.5789473684,2,157.894736842105],[13263.1578947368,2,0],[13421.0526315789,3,0]],"typeOfSection":0,"altAnim":false,"mustHitSection":false,"changeBPM":false,"bpm":190},{"lengthInSteps":16,"sectionNotes":[[13894.7368421053,2,157.894736842105],[14368.4210526316,2,157.894736842105],[14842.1052631579,0,157.894736842105]],"typeOfSection":0,"altAnim":false,"mustHitSection":false,"changeBPM":false,"bpm":190},{"lengthInSteps":16,"sectionNotes":[[15157.8947368421,2,157.894736842105],[15789.4736842105,2,0],[15947.3684210526,3,0]],"typeOfSection":0,"altAnim":false,"mustHitSection":true,"changeBPM":false,"bpm":190},{"lengthInSteps":16,"sectionNotes":[[16421.0526315789,2,157.894736842105],[16894.7368421053,2,157.894736842105],[17368.4210526316,2,157.894736842105]],"typeOfSection":0,"altAnim":false,"mustHitSection":true,"changeBPM":false,"bpm":190},{"lengthInSteps":16,"sectionNotes":[[17684.2105263158,2,157.894736842105],[18315.7894736842,2,0],[18473.6842105263,3,0]],"typeOfSection":0,"altAnim":false,"mustHitSection":true,"changeBPM":false,"bpm":190},{"lengthInSteps":16,"sectionNotes":[[18947.3684210526,2,157.894736842105],[19421.0526315789,2,157.894736842105],[19894.7368421053,0,157.894736842105]],"typeOfSection":0,"altAnim":false,"mustHitSection":true,"changeBPM":false,"bpm":190},{"lengthInSteps":16,"sectionNotes":[[20210.5263157895,1,0],[20526.3157894737,3,0],[21000,3,0]],"typeOfSection":0,"altAnim":false,"mustHitSection":false,"changeBPM":false,"bpm":190},{"lengthInSteps":16,"sectionNotes":[[21473.6842105263,2,0],[21947.3684210526,2,0],[22421.0526315789,3,0]],"typeOfSection":0,"altAnim":false,"mustHitSection":false,"changeBPM":false,"bpm":190},{"lengthInSteps":16,"sectionNotes":[[22736.8421052632,1,0],[23052.6315789474,3,0],[23526.3157894737,3,0]],"typeOfSection":0,"altAnim":false,"mustHitSection":false,"changeBPM":false,"bpm":190},{"lengthInSteps":16,"sectionNotes":[[24000,2,0],[24473.6842105263,2,0],[24947.3684210526,3,0],[24868.4210526316,4,0]],"typeOfSection":0,"altAnim":false,"mustHitSection":false,"changeBPM":false,"bpm":190},{"lengthInSteps":16,"sectionNotes":[[25263.1578947368,1,0],[25578.947368421,3,0],[26052.6315789474,3,0]],"typeOfSection":0,"altAnim":false,"mustHitSection":true,"changeBPM":false,"bpm":190},{"lengthInSteps":16,"sectionNotes":[[27000,2,0],[27473.6842105263,3,0],[26526.3157894737,2,0]],"typeOfSection":0,"altAnim":false,"mustHitSection":true,"changeBPM":false,"bpm":190},{"lengthInSteps":16,"sectionNotes":[[27789.4736842105,1,0],[28105.2631578947,3,0],[28578.9473684211,3,0]],"typeOfSection":0,"altAnim":false,"mustHitSection":true,"changeBPM":false,"bpm":190},{"lengthInSteps":16,"sectionNotes":[[29052.6315789474,2,0],[29526.3157894737,2,0],[30000,3,0]],"typeOfSection":0,"altAnim":false,"mustHitSection":true,"changeBPM":false,"bpm":190},{"lengthInSteps":16,"sectionNotes":[[30315.7894736842,2,0],[30631.5789473684,3,0],[30947.3684210526,3,0],[31342.1052631579,0,0]],"typeOfSection":0,"altAnim":false,"mustHitSection":false,"changeBPM":false,"bpm":190},{"lengthInSteps":16,"sectionNotes":[[31578.9473684211,0,0],[32210.5263157895,3,0],[32526.3157894737,1,0],[31894.7368421053,0,0]],"typeOfSection":0,"altAnim":false,"mustHitSection":false,"changeBPM":false,"bpm":190},{"lengthInSteps":16,"sectionNotes":[[32842.1052631579,0,0],[33157.8947368421,0,0],[33473.6842105263,0,0],[33789.4736842105,3,0]],"typeOfSection":0,"altAnim":false,"mustHitSection":false,"changeBPM":false,"bpm":190},{"lengthInSteps":16,"sectionNotes":[[34105.2631578947,1,0],[34421.052631579,1,0],[34736.8421052632,1,0],[35052.6315789474,1,157.894736842105]],"typeOfSection":0,"altAnim":false,"mustHitSection":false,"changeBPM":false,"bpm":190},{"lengthInSteps":16,"sectionNotes":[[35368.4210526316,2,0],[35684.2105263158,3,0],[36000,3,0],[36394.7368421053,0,0]],"typeOfSection":0,"altAnim":false,"mustHitSection":true,"changeBPM":false,"bpm":190},{"lengthInSteps":16,"sectionNotes":[[36631.5789473684,0,0],[37263.1578947368,3,0],[37578.9473684211,1,0],[36947.3684210526,0,0]],"typeOfSection":0,"altAnim":false,"mustHitSection":true,"changeBPM":false,"bpm":190},{"lengthInSteps":16,"sectionNotes":[[37894.7368421053,0,0],[38210.5263157895,0,0],[38526.3157894737,0,0],[38842.1052631579,3,0]],"typeOfSection":0,"altAnim":false,"mustHitSection":true,"changeBPM":false,"bpm":190},{"lengthInSteps":16,"sectionNotes":[[39157.8947368421,1,0],[39473.6842105263,1,0],[39789.4736842105,1,0],[40105.2631578947,1,157.894736842105]],"typeOfSection":0,"altAnim":false,"mustHitSection":true,"changeBPM":false,"bpm":190},{"lengthInSteps":16,"sectionNotes":[[40421.0526315789,0,0],[40736.8421052632,0,0],[41052.6315789474,3,0],[41368.4210526316,0,0]],"typeOfSection":0,"altAnim":false,"mustHitSection":false,"changeBPM":false,"bpm":190},{"lengthInSteps":16,"sectionNotes":[[41684.2105263158,2,0],[42315.7894736842,2,0],[42631.5789473684,0,0]],"typeOfSection":0,"altAnim":false,"mustHitSection":false,"changeBPM":false,"bpm":190},{"lengthInSteps":16,"sectionNotes":[[42947.3684210526,0,0],[43263.1578947368,0,0],[43578.9473684211,3,0],[43894.7368421053,0,0]],"typeOfSection":0,"altAnim":false,"mustHitSection":false,"changeBPM":false,"bpm":190},{"lengthInSteps":16,"sectionNotes":[[44210.5263157895,2,0],[44842.1052631579,2,0],[45157.8947368421,3,0]],"typeOfSection":0,"altAnim":false,"mustHitSection":false,"changeBPM":false,"bpm":190},{"lengthInSteps":16,"sectionNotes":[[45473.6842105263,0,0],[45789.4736842105,0,0],[46105.2631578947,3,0],[46421.0526315789,0,0]],"typeOfSection":0,"altAnim":false,"mustHitSection":true,"changeBPM":false,"bpm":190},{"lengthInSteps":16,"sectionNotes":[[46736.8421052632,2,0],[47368.4210526316,2,0],[47684.2105263158,0,0]],"typeOfSection":0,"altAnim":false,"mustHitSection":true,"changeBPM":false,"bpm":190},{"lengthInSteps":16,"sectionNotes":[[48000,0,0],[48315.7894736842,0,0],[48631.5789473684,3,0],[48947.3684210526,0,0]],"typeOfSection":0,"altAnim":false,"mustHitSection":true,"changeBPM":false,"bpm":190},{"lengthInSteps":16,"sectionNotes":[[49263.1578947368,2,0],[49894.7368421053,2,0],[50210.5263157895,3,0]],"typeOfSection":0,"altAnim":false,"mustHitSection":true,"changeBPM":false,"bpm":190},{"lengthInSteps":16,"sectionNotes":[[51157.8947368421,1,157.894736842105],[51473.6842105263,0,0],[50526.3157894737,3,157.894736842105]],"typeOfSection":0,"altAnim":false,"mustHitSection":false,"changeBPM":false,"bpm":190},{"lengthInSteps":16,"sectionNotes":[[52736.8421052632,3,0],[51789.4736842105,3,0],[52263.1578947368,3,0]],"typeOfSection":0,"altAnim":false,"mustHitSection":false,"changeBPM":false,"bpm":190},{"lengthInSteps":16,"sectionNotes":[[53052.6315789474,3,0],[53368.4210526316,3,0],[53684.2105263158,1,0],[54000,0,0]],"typeOfSection":0,"altAnim":false,"mustHitSection":false,"changeBPM":false,"bpm":190},{"lengthInSteps":16,"sectionNotes":[[54789.4736842105,3,0],[55263.1578947368,3,0],[54315.7894736842,3,0]],"typeOfSection":0,"altAnim":false,"mustHitSection":false,"changeBPM":false,"bpm":190},{"lengthInSteps":16,"sectionNotes":[[56210.5263157895,1,157.894736842105],[56526.3157894737,0,0],[55578.947368421,3,157.894736842105]],"typeOfSection":0,"altAnim":false,"mustHitSection":true,"changeBPM":false,"bpm":190},{"lengthInSteps":16,"sectionNotes":[[57789.4736842105,3,0],[56842.1052631579,3,0],[57315.7894736842,3,0]],"typeOfSection":0,"altAnim":false,"mustHitSection":true,"changeBPM":false,"bpm":190},{"lengthInSteps":16,"sectionNotes":[[58105.2631578947,3,0],[58421.0526315789,3,0],[58736.8421052632,1,0],[59052.6315789474,0,0]],"typeOfSection":0,"altAnim":false,"mustHitSection":true,"changeBPM":false,"bpm":190},{"lengthInSteps":16,"sectionNotes":[[59842.1052631579,3,0],[60315.7894736842,3,0],[59368.4210526316,3,0]],"typeOfSection":0,"altAnim":false,"mustHitSection":true,"changeBPM":false,"bpm":190},{"lengthInSteps":16,"sectionNotes":[[60631.5789473684,2,0],[60947.3684210526,3,0],[61263.1578947368,3,0],[61657.8947368421,0,0]],"typeOfSection":0,"altAnim":false,"mustHitSection":false,"changeBPM":false,"bpm":190},{"lengthInSteps":16,"sectionNotes":[[61894.7368421053,0,0],[62526.3157894737,3,0],[62842.1052631579,1,0],[62210.5263157895,0,0]],"typeOfSection":0,"altAnim":false,"mustHitSection":false,"changeBPM":false,"bpm":190},{"lengthInSteps":16,"sectionNotes":[[63157.8947368421,0,0],[63473.6842105263,0,0],[63789.4736842105,0,0],[64105.2631578947,3,0]],"typeOfSection":0,"altAnim":false,"mustHitSection":false,"changeBPM":false,"bpm":190},{"lengthInSteps":16,"sectionNotes":[[64421.0526315789,1,0],[64736.8421052632,1,0],[65052.6315789474,1,0],[65368.4210526316,1,157.894736842105]],"typeOfSection":0,"altAnim":false,"mustHitSection":false,"changeBPM":false,"bpm":190},{"lengthInSteps":16,"sectionNotes":[[65684.2105263158,2,0],[66000,3,0],[66315.7894736842,3,0],[66710.5263157895,0,0]],"typeOfSection":0,"altAnim":false,"mustHitSection":true,"changeBPM":false,"bpm":190},{"lengthInSteps":16,"sectionNotes":[[66947.3684210526,0,0],[67578.9473684211,3,0],[67894.7368421053,1,0],[67263.1578947368,0,0]],"typeOfSection":0,"altAnim":false,"mustHitSection":true,"changeBPM":false,"bpm":190},{"lengthInSteps":16,"sectionNotes":[[68210.5263157895,0,0],[68526.3157894737,0,0],[68684.2105263158,3,0],[68842.1052631579,0,0],[69157.8947368421,3,0],[69315.7894736842,1,0]],"typeOfSection":0,"altAnim":false,"mustHitSection":true,"changeBPM":false,"bpm":190},{"lengthInSteps":16,"sectionNotes":[[69473.6842105263,1,0],[69789.4736842105,1,0],[70105.2631578947,1,0],[70421.0526315789,1,157.894736842105]],"typeOfSection":0,"altAnim":false,"mustHitSection":true,"changeBPM":false,"bpm":190},{"lengthInSteps":16,"sectionNotes":[[70736.8421052632,0,0],[71052.6315789474,0,0],[71368.4210526316,3,0],[71684.2105263158,0,0]],"typeOfSection":0,"altAnim":false,"mustHitSection":false,"changeBPM":false,"bpm":190},{"lengthInSteps":16,"sectionNotes":[[72000,2,0],[72631.5789473684,2,0],[72947.3684210526,0,0]],"typeOfSection":0,"altAnim":false,"mustHitSection":false,"changeBPM":false,"bpm":190},{"lengthInSteps":16,"sectionNotes":[[73263.1578947368,0,0],[73578.9473684211,0,0],[73894.7368421053,3,0],[74210.5263157895,0,0]],"typeOfSection":0,"altAnim":false,"mustHitSection":false,"changeBPM":false,"bpm":190},{"lengthInSteps":16,"sectionNotes":[[74526.3157894737,2,0],[75157.8947368421,2,0],[75473.6842105263,3,0]],"typeOfSection":0,"altAnim":false,"mustHitSection":false,"changeBPM":false,"bpm":190},{"lengthInSteps":16,"sectionNotes":[[75789.4736842105,0,0],[76105.2631578947,0,0],[76421.0526315789,3,0],[76736.8421052632,0,0]],"typeOfSection":0,"altAnim":false,"mustHitSection":true,"changeBPM":false,"bpm":190},{"lengthInSteps":16,"sectionNotes":[[77052.6315789474,2,0],[77684.2105263158,2,0],[78000,0,0]],"typeOfSection":0,"altAnim":false,"mustHitSection":true,"changeBPM":false,"bpm":190},{"lengthInSteps":16,"sectionNotes":[[78315.7894736842,0,0],[78631.5789473684,0,0],[78947.3684210526,3,0],[79263.1578947368,0,0]],"typeOfSection":0,"altAnim":false,"mustHitSection":true,"changeBPM":false,"bpm":190},{"lengthInSteps":16,"sectionNotes":[[79578.9473684211,2,0],[80210.5263157895,2,0],[80526.3157894737,3,0]],"typeOfSection":0,"altAnim":false,"mustHitSection":true,"changeBPM":false,"bpm":190},{"lengthInSteps":16,"sectionNotes":[[80842.1052631579,2,0],[81473.6842105263,0,0],[81631.5789473684,3,0],[81789.4736842105,1,0]],"typeOfSection":0,"altAnim":false,"mustHitSection":false,"changeBPM":false,"bpm":190},{"lengthInSteps":16,"sectionNotes":[[82105.2631578947,2,0],[82736.8421052632,0,0],[82894.7368421053,3,0],[83052.6315789474,1,0]],"typeOfSection":0,"altAnim":false,"mustHitSection":false,"changeBPM":false,"bpm":190},{"lengthInSteps":16,"sectionNotes":[[83368.4210526316,2,0],[84000,0,0],[84157.8947368421,3,0],[84315.7894736842,1,0]],"typeOfSection":0,"altAnim":false,"mustHitSection":false,"changeBPM":false,"bpm":190},{"lengthInSteps":16,"sectionNotes":[[84631.5789473684,2,0],[85263.1578947368,0,0],[85421.0526315789,3,0],[85578.947368421,1,0]],"typeOfSection":0,"altAnim":false,"mustHitSection":false,"changeBPM":false,"bpm":190},{"lengthInSteps":16,"sectionNotes":[[85894.7368421053,2,0],[86526.3157894737,0,0],[86684.2105263158,3,0],[86842.1052631579,1,0]],"typeOfSection":0,"altAnim":false,"mustHitSection":true,"changeBPM":false,"bpm":190},{"lengthInSteps":16,"sectionNotes":[[87157.8947368421,2,0],[87789.4736842105,0,0],[87947.3684210526,3,0],[88105.2631578947,1,0]],"typeOfSection":0,"altAnim":false,"mustHitSection":true,"changeBPM":false,"bpm":190},{"lengthInSteps":16,"sectionNotes":[[88421.0526315789,2,0],[89052.6315789474,0,0],[89210.5263157895,3,0],[89368.4210526316,1,0]],"typeOfSection":0,"altAnim":false,"mustHitSection":true,"changeBPM":false,"bpm":190},{"lengthInSteps":16,"sectionNotes":[[89684.2105263158,2,0],[90315.7894736842,0,0],[90473.6842105263,3,0],[90631.5789473684,1,0]],"typeOfSection":0,"altAnim":false,"mustHitSection":true,"changeBPM":false,"bpm":190},{"lengthInSteps":16,"sectionNotes":[[91578.947368421,1,157.894736842105],[91894.7368421053,0,0],[90947.3684210526,3,157.894736842105]],"typeOfSection":0,"altAnim":false,"mustHitSection":false,"changeBPM":false,"bpm":190},{"lengthInSteps":16,"sectionNotes":[[93157.8947368421,3,0],[92210.5263157895,3,0],[92684.2105263158,3,0]],"typeOfSection":0,"altAnim":false,"mustHitSection":false,"changeBPM":false,"bpm":190},{"lengthInSteps":16,"sectionNotes":[[93473.6842105263,3,0],[93789.4736842105,3,0],[94105.2631578947,1,0],[94421.0526315789,0,0]],"typeOfSection":0,"altAnim":false,"mustHitSection":false,"changeBPM":false,"bpm":190},{"lengthInSteps":16,"sectionNotes":[[95210.5263157895,3,0],[95684.2105263158,3,0],[94736.8421052631,3,0]],"typeOfSection":0,"altAnim":false,"mustHitSection":false,"changeBPM":false,"bpm":190},{"lengthInSteps":16,"sectionNotes":[[96631.5789473684,1,157.894736842105],[96947.3684210526,0,0],[96000,3,157.894736842105]],"typeOfSection":0,"altAnim":false,"mustHitSection":true,"changeBPM":false,"bpm":190},{"lengthInSteps":16,"sectionNotes":[[98210.5263157895,3,0],[97263.1578947368,3,0],[97736.8421052631,3,0]],"typeOfSection":0,"altAnim":false,"mustHitSection":true,"changeBPM":false,"bpm":190},{"lengthInSteps":16,"sectionNotes":[[98526.3157894737,3,0],[98842.1052631579,3,0],[99157.8947368421,1,0],[99473.6842105263,0,0]],"typeOfSection":0,"altAnim":false,"mustHitSection":true,"changeBPM":false,"bpm":190},{"lengthInSteps":16,"sectionNotes":[[100263.157894737,3,0],[100736.842105263,3,0],[99789.4736842105,3,0]],"typeOfSection":0,"altAnim":false,"mustHitSection":true,"changeBPM":false,"bpm":190},{"lengthInSteps":16,"sectionNotes":[],"typeOfSection":0,"altAnim":false,"mustHitSection":true,"changeBPM":false,"bpm":190},{"lengthInSteps":16,"sectionNotes":[],"typeOfSection":0,"altAnim":false,"mustHitSection":true,"changeBPM":false,"bpm":190},{"sectionNotes":[],"typeOfSection":0,"lengthInSteps":16,"altAnim":false,"mustHitSection":true,"changeBPM":false,"bpm":190},{"lengthInSteps":16,"altAnim":false,"typeOfSection":0,"sectionNotes":[],"bpm":190,"changeBPM":false,"mustHitSection":true},{"lengthInSteps":16,"altAnim":false,"typeOfSection":0,"sectionNotes":[],"bpm":190,"changeBPM":false,"mustHitSection":true}],"player2":"spirit","gfVersion":"gf-pixel","song":"Thorns","needsVoices":true,"sections":0,"stage":"schoolEvil","validScore":true,"noteStyle":"pixel","bpm":190,"speed":1.1}}