{"song":{"sectionLengths":[],"player1":"bf","player2":"spooky","notes":[{"sectionNotes":[],"lengthInSteps":16,"typeOfSection":0,"mustHitSection":true},{"sectionNotes":[],"lengthInSteps":16,"typeOfSection":0,"mustHitSection":true},{"sectionNotes":[],"lengthInSteps":16,"typeOfSection":0,"mustHitSection":true},{"sectionNotes":[],"lengthInSteps":16,"typeOfSection":0,"mustHitSection":true},{"sectionNotes":[[6400,0,0],[6800,3,0],[7200,3,0],[7600,2,0],[7800,3,0]],"lengthInSteps":16,"typeOfSection":0,"mustHitSection":false},{"sectionNotes":[[8000,1,0],[8400,3,0],[9300,0,0],[9400,3,0],[8800,2,0]],"lengthInSteps":16,"typeOfSection":0,"mustHitSection":false},{"sectionNotes":[[9600,0,0],[10000,3,0],[10400,3,0],[10800,2,0],[11000,3,0]],"lengthInSteps":16,"typeOfSection":0,"mustHitSection":true},{"sectionNotes":[[11200,1,0],[11600,3,0],[12500,0,0],[12600,3,0],[12000,2,0]],"lengthInSteps":16,"typeOfSection":0,"mustHitSection":true},{"sectionNotes":[[12800,2,0],[13200,0,0],[13400,0,0],[13800,3,0],[14000,1,0],[13100,1,0],[13700,2,0]],"lengthInSteps":16,"typeOfSection":0,"mustHitSection":false},{"sectionNotes":[[14400,1,0],[14600,0,0],[14800,3,0],[15000,3,0],[15300,0,0],[15500,0,0],[15700,2,0]],"lengthInSteps":16,"typeOfSection":0,"mustHitSection":false},{"sectionNotes":[[16000,2,0],[16300,1,0],[16400,0,0],[16600,0,0],[16900,2,0],[17000,3,0],[17200,1,0]],"lengthInSteps":16,"typeOfSection":0,"mustHitSection":true},{"sectionNotes":[[17600,1,0],[17800,0,0],[18000,3,0],[18200,3,0],[18500,0,0],[18700,0,0],[18900,2,0],[19000,4,0],[19100,7,0]],"lengthInSteps":16,"typeOfSection":0,"mustHitSection":true},{"sectionNotes":[[20000,3,0],[20600,3,0],[19700,3,0],[20400,3,0],[19200,2,0],[19300,0,0]],"lengthInSteps":16,"typeOfSection":0,"mustHitSection":false},{"sectionNotes":[[20800,2,0],[20900,3,0],[21300,3,0],[21600,3,0],[21900,1,0],[22200,3,0]],"lengthInSteps":16,"typeOfSection":0,"mustHitSection":false},{"sectionNotes":[[22900,3,0],[23200,3,0],[23600,3,0],[23800,3,0],[22400,2,0],[22500,0,0]],"lengthInSteps":16,"typeOfSection":0,"mustHitSection":false},{"sectionNotes":[[24500,3,0],[24000,2,0],[24100,3,0],[24800,1,0],[25200,2,0],[25400,2,0]],"lengthInSteps":16,"typeOfSection":0,"mustHitSection":false},{"sectionNotes":[[26400,3,0],[27000,3,0],[26100,3,0],[26800,3,0],[25600,2,0],[25700,0,0]],"lengthInSteps":16,"typeOfSection":0,"mustHitSection":true},{"sectionNotes":[[27200,2,0],[27300,3,0],[27700,3,0],[28000,3,0],[28300,1,0],[28400,3,0],[28600,3,0]],"lengthInSteps":16,"typeOfSection":0,"mustHitSection":true},{"sectionNotes":[[29300,3,0],[29600,3,0],[30000,3,0],[30200,3,0],[28800,2,0],[28900,0,0]],"lengthInSteps":16,"typeOfSection":0,"mustHitSection":true},{"sectionNotes":[[30900,3,0],[30400,2,0],[30500,3,0],[31200,1,0],[31600,2,0],[31800,2,0]],"lengthInSteps":16,"typeOfSection":0,"mustHitSection":true},{"sectionNotes":[[32000,0,0],[32400,3,0],[32800,3,0],[33200,2,0],[33400,3,0]],"lengthInSteps":16,"typeOfSection":0,"mustHitSection":false},{"sectionNotes":[[33600,1,0],[33800,3,0],[34000,3,0],[34900,0,0],[35000,3,0],[34400,2,0]],"lengthInSteps":16,"typeOfSection":0,"mustHitSection":false},{"sectionNotes":[[35200,0,0],[35600,3,0],[36000,3,0],[36400,2,0],[36600,3,0]],"lengthInSteps":16,"typeOfSection":0,"mustHitSection":true},{"sectionNotes":[[36800,1,0],[37000,3,0],[37200,3,0],[38100,0,0],[38200,3,0],[37600,2,0]],"lengthInSteps":16,"typeOfSection":0,"mustHitSection":true},{"sectionNotes":[[38400,2,0],[38700,1,0],[38800,0,0],[39000,0,0],[39300,2,0],[39600,1,0],[39500,0,0]],"lengthInSteps":16,"typeOfSection":0,"mustHitSection":false},{"sectionNotes":[[40000,1,0],[40200,0,0],[40400,3,0],[40600,3,0],[40900,0,0],[41100,0,0],[41300,2,0]],"lengthInSteps":16,"typeOfSection":0,"mustHitSection":false},{"sectionNotes":[[41600,2,0],[42000,0,0],[42200,0,0],[42500,2,0],[42700,0,0],[42800,1,0],[41900,1,0]],"lengthInSteps":16,"typeOfSection":0,"mustHitSection":true},{"sectionNotes":[[43200,1,0],[43400,0,0],[43600,3,0],[43800,3,0],[44100,0,0],[44300,0,0],[44500,2,0],[44600,4,0],[44700,7,0]],"lengthInSteps":16,"typeOfSection":0,"mustHitSection":true},{"sectionNotes":[[45600,3,0],[46200,3,0],[45300,3,0],[46000,3,0],[44800,2,0],[44900,0,0],[45700,3,0]],"lengthInSteps":16,"typeOfSection":0,"mustHitSection":false},{"sectionNotes":[[46400,2,0],[46500,3,0],[46900,3,0],[47200,3,0],[47800,3,0],[47300,1,0],[47600,3,0]],"lengthInSteps":16,"typeOfSection":0,"mustHitSection":false},{"sectionNotes":[[48500,3,0],[48800,3,0],[49200,3,0],[49400,3,0],[48000,2,0],[48100,0,0]],"lengthInSteps":16,"typeOfSection":0,"mustHitSection":false},{"sectionNotes":[[50100,3,0],[49600,2,0],[49700,3,0],[50400,3,0],[50800,4,0],[51000,7,0]],"lengthInSteps":16,"typeOfSection":0,"mustHitSection":false},{"sectionNotes":[[52000,3,0],[52600,3,0],[51700,3,0],[52400,3,0],[51200,2,0],[51300,0,0],[52100,3,0]],"lengthInSteps":16,"typeOfSection":0,"mustHitSection":true},{"sectionNotes":[[52800,2,0],[52900,3,0],[53300,3,0],[53600,3,0],[54000,3,0],[54200,3,0],[53700,1,0]],"lengthInSteps":16,"typeOfSection":0,"mustHitSection":true},{"sectionNotes":[[54900,3,0],[55200,3,0],[55600,3,0],[55800,3,0],[54400,2,0],[54500,0,0]],"lengthInSteps":16,"typeOfSection":0,"mustHitSection":true},{"sectionNotes":[[56500,3,0],[56000,2,0],[56100,3,0],[56800,3,0],[57200,4,0],[57400,7,0]],"lengthInSteps":16,"typeOfSection":0,"mustHitSection":true},{"sectionNotes":[[57600,2,300],[58000,3,400],[58500,1,200],[58800,2,200]],"lengthInSteps":16,"typeOfSection":0,"mustHitSection":false},{"sectionNotes":[[59200,2,100],[59400,3,100],[59600,0,300],[60000,1,300],[60400,2,200]],"lengthInSteps":16,"typeOfSection":0,"mustHitSection":false},{"sectionNotes":[[60800,1,0],[61200,1,0],[61400,3,0],[61800,3,0],[62000,0,0],[62200,3,0]],"lengthInSteps":16,"typeOfSection":0,"mustHitSection":false},{"sectionNotes":[[62400,1,0],[62800,1,0],[63000,3,0],[63400,3,0],[63600,0,0],[63800,3,0]],"lengthInSteps":16,"typeOfSection":0,"mustHitSection":false},{"sectionNotes":[[64000,2,300],[64400,3,400],[64900,1,200],[65200,2,200]],"lengthInSteps":16,"typeOfSection":0,"mustHitSection":true},{"typeOfSection":0,"sectionNotes":[[65600,2,100],[65800,3,100],[66000,0,300],[66400,1,300],[66800,2,200]],"lengthInSteps":16,"bpm":150,"changeBPM":false,"mustHitSection":true},{"typeOfSection":0,"sectionNotes":[[67200,1,0],[67600,1,0],[67800,3,0],[68200,3,0],[68400,0,0],[68600,3,0]],"lengthInSteps":16,"bpm":150,"changeBPM":false,"mustHitSection":true},{"typeOfSection":0,"sectionNotes":[[68800,1,0],[69200,1,0],[69400,3,0],[69800,3,0],[70000,0,0],[70200,3,0]],"lengthInSteps":16,"bpm":150,"changeBPM":false,"mustHitSection":true},{"typeOfSection":0,"sectionNotes":[[70400,2,0],[70800,3,0],[71000,2,0],[71400,3,0],[71700,1,0],[70600,2,0],[71800,3,0]],"lengthInSteps":16,"bpm":150,"changeBPM":false,"mustHitSection":false},{"typeOfSection":0,"sectionNotes":[[72000,2,0],[72400,3,0],[72600,2,0],[73000,3,0],[73300,1,0],[72200,2,0]],"lengthInSteps":16,"bpm":150,"changeBPM":false,"mustHitSection":false},{"typeOfSection":0,"sectionNotes":[[73600,2,0],[74000,3,0],[74200,2,0],[74600,3,0],[74900,1,0],[73800,2,0],[75000,3,0]],"lengthInSteps":16,"bpm":150,"changeBPM":false,"mustHitSection":false},{"typeOfSection":0,"sectionNotes":[[75200,2,0],[75600,3,0],[75800,2,0],[76200,3,0],[76500,1,0],[75400,2,0],[75200,4,300],[75600,5,300],[76000,7,300],[76400,5,300]],"lengthInSteps":16,"bpm":157,"changeBPM":false,"mustHitSection":false},{"typeOfSection":0,"sectionNotes":[[76800,2,0],[77200,3,0],[77400,2,0],[77800,3,0],[78100,1,0],[77000,2,0],[78200,3,0]],"lengthInSteps":16,"bpm":150,"changeBPM":false,"mustHitSection":true},{"typeOfSection":0,"sectionNotes":[[78400,2,0],[78800,3,0],[79000,2,0],[79400,3,0],[79700,1,0],[78600,2,0]],"lengthInSteps":16,"bpm":150,"changeBPM":false,"mustHitSection":true},{"typeOfSection":0,"sectionNotes":[[80000,2,0],[80400,3,0],[80600,2,0],[81000,3,0],[81300,1,0],[80200,2,0]],"lengthInSteps":16,"bpm":150,"changeBPM":false,"mustHitSection":true},{"typeOfSection":0,"sectionNotes":[[81600,2,0],[82000,3,0],[82200,2,0],[82600,3,0],[82900,1,0],[81800,2,0],[81600,4,300],[82000,5,300],[82400,7,300],[82800,5,300]],"lengthInSteps":16,"bpm":150,"changeBPM":false,"mustHitSection":true},{"typeOfSection":0,"sectionNotes":[[83200,2,0],[83600,3,0],[83800,2,0],[84200,3,0],[84500,1,0],[83400,2,0],[84600,3,0]],"lengthInSteps":16,"bpm":150,"changeBPM":false,"mustHitSection":false},{"typeOfSection":0,"sectionNotes":[[84800,2,0],[85200,3,0],[85400,2,0],[85800,3,0],[86100,1,0],[85000,2,0]],"lengthInSteps":16,"bpm":150,"changeBPM":false,"mustHitSection":false},{"typeOfSection":0,"sectionNotes":[[86400,2,0],[86800,3,0],[87000,2,0],[87400,3,0],[87700,1,0],[86600,2,0],[87800,3,0]],"lengthInSteps":16,"bpm":150,"changeBPM":false,"mustHitSection":false},{"typeOfSection":0,"sectionNotes":[[88000,2,0],[88400,3,0],[88600,2,0],[89000,3,0],[89300,1,0],[88200,2,0],[88000,4,300],[88400,5,300],[88800,7,300],[89200,5,300]],"lengthInSteps":16,"bpm":150,"changeBPM":false,"mustHitSection":false},{"typeOfSection":0,"sectionNotes":[[89600,2,0],[90000,3,0],[90200,2,0],[90600,3,0],[90900,1,0],[89800,2,0]],"lengthInSteps":16,"bpm":150,"changeBPM":false,"mustHitSection":true},{"typeOfSection":0,"sectionNotes":[[91200,2,0],[91600,3,0],[91800,2,0],[92200,3,0],[92500,1,0],[91400,2,0],[91200,2,0],[91600,3,0],[91800,2,0],[92200,3,0],[92500,1,0],[91400,2,0]],"lengthInSteps":16,"bpm":150,"changeBPM":false,"mustHitSection":true},{"typeOfSection":0,"sectionNotes":[[92800,2,0],[93200,3,0],[93400,2,0],[93800,3,0],[94100,1,0],[93000,2,0]],"lengthInSteps":16,"bpm":150,"changeBPM":false,"mustHitSection":true},{"typeOfSection":0,"sectionNotes":[[94400,2,0],[94800,3,0],[95000,2,0],[95400,3,0],[95700,1,0],[94600,2,0],[94400,4,300],[94800,5,300],[95200,7,300],[95600,5,300]],"lengthInSteps":16,"bpm":150,"changeBPM":false,"mustHitSection":true},{"typeOfSection":0,"sectionNotes":[],"lengthInSteps":16,"bpm":150,"changeBPM":false,"mustHitSection":true},{"typeOfSection":0,"sectionNotes":[],"lengthInSteps":16,"bpm":150,"changeBPM":false,"mustHitSection":true},{"typeOfSection":0,"sectionNotes":[],"lengthInSteps":16,"bpm":150,"changeBPM":false,"mustHitSection":true},{"lengthInSteps":16,"altAnim":false,"typeOfSection":0,"sectionNotes":[],"bpm":150,"changeBPM":false,"mustHitSection":true}],"song":"Spookeez","stage":"halloween","validScore":true,"sections":0,"needsVoices":true,"speed":1.7,"bpm":150}}