{"song":{"sectionLengths":[],"player1":"bf-christmas","gfVersion":"gf-christmas","player2":"monster-christmas","notes":[{"typeOfSection":0,"sectionNotes":[],"lengthInSteps":16,"altAnim":false,"bpm":95,"changeBPM":false,"mustHitSection":true},{"typeOfSection":0,"sectionNotes":[],"lengthInSteps":16,"altAnim":false,"bpm":95,"changeBPM":false,"mustHitSection":true},{"typeOfSection":0,"sectionNotes":[],"lengthInSteps":16,"altAnim":false,"bpm":159,"changeBPM":false,"mustHitSection":true},{"typeOfSection":0,"sectionNotes":[],"lengthInSteps":16,"altAnim":false,"bpm":159,"changeBPM":false,"mustHitSection":true},{"typeOfSection":0,"sectionNotes":[],"lengthInSteps":16,"altAnim":false,"bpm":159,"changeBPM":false,"mustHitSection":true},{"typeOfSection":0,"sectionNotes":[],"lengthInSteps":16,"altAnim":false,"bpm":159,"changeBPM":false,"mustHitSection":true},{"typeOfSection":0,"sectionNotes":[[9433.96226415094,0,283.018867924528],[9811.32075471698,2,283.018867924528],[10188.679245283,3,283.018867924528]],"lengthInSteps":16,"altAnim":false,"bpm":159,"changeBPM":false,"mustHitSection":false},{"typeOfSection":0,"sectionNotes":[[10566.0377358491,0,566.037735849057],[11320.7547169811,2,660.377358490566]],"lengthInSteps":16,"altAnim":false,"bpm":159,"changeBPM":false,"mustHitSection":false},{"typeOfSection":0,"sectionNotes":[[12452.8301886792,0,283.018867924528],[12830.1886792453,2,283.018867924528],[13207.5471698113,3,283.018867924528]],"lengthInSteps":16,"altAnim":false,"bpm":159,"changeBPM":false,"mustHitSection":false},{"typeOfSection":0,"sectionNotes":[[14716.9811320755,2,0],[14150.9433962264,2,94.3396226415094],[13584.9056603774,1,0]],"lengthInSteps":16,"altAnim":false,"bpm":159,"changeBPM":false,"mustHitSection":false},{"typeOfSection":0,"sectionNotes":[[15471.6981132075,0,283.018867924528],[16226.4150943396,3,283.018867924528],[15849.0566037736,2,283.018867924528],[15094.3396226415,5,377.358490566038]],"lengthInSteps":16,"altAnim":false,"bpm":159,"changeBPM":false,"mustHitSection":true},{"typeOfSection":0,"sectionNotes":[[16603.7735849057,0,566.037735849057],[17358.4905660377,2,660.377358490566]],"lengthInSteps":16,"altAnim":false,"bpm":159,"changeBPM":false,"mustHitSection":true},{"typeOfSection":0,"sectionNotes":[[18490.5660377359,0,283.018867924528],[18867.9245283019,2,283.018867924528],[19245.2830188679,3,283.018867924528]],"lengthInSteps":16,"altAnim":false,"bpm":159,"changeBPM":false,"mustHitSection":true},{"typeOfSection":0,"sectionNotes":[[19622.641509434,1,188.679245283019],[20754.7169811321,2,0],[20188.679245283,2,94.3396226415094]],"lengthInSteps":16,"altAnim":false,"bpm":159,"changeBPM":false,"mustHitSection":true},{"typeOfSection":0,"sectionNotes":[[21132.0754716981,1,188.679245283019],[21509.4339622642,3,188.679245283019],[21886.7924528302,2,188.679245283019],[22264.1509433962,3,188.679245283019]],"lengthInSteps":16,"altAnim":false,"bpm":159,"changeBPM":false,"mustHitSection":false},{"typeOfSection":0,"sectionNotes":[[22641.5094339623,1,471.698113207547],[23301.8867924528,2,0],[23773.5849056604,0,0],[23962.2641509434,1,0]],"lengthInSteps":16,"altAnim":false,"bpm":159,"changeBPM":false,"mustHitSection":false},{"typeOfSection":0,"sectionNotes":[[24150.9433962264,3,283.018867924528],[24528.3018867925,2,0],[24905.6603773585,2,0],[25283.0188679245,2,0],[25471.6981132075,0,0]],"lengthInSteps":16,"altAnim":false,"bpm":159,"changeBPM":false,"mustHitSection":false},{"typeOfSection":0,"sectionNotes":[[25660.3773584906,1,471.698113207547],[26792.4528301887,0,0],[26415.0943396226,3,0],[26226.4150943396,2,0]],"lengthInSteps":16,"altAnim":false,"bpm":159,"changeBPM":false,"mustHitSection":false},{"typeOfSection":0,"sectionNotes":[[27169.8113207547,1,188.679245283019],[27547.1698113208,3,188.679245283019],[27924.5283018868,2,188.679245283019],[28301.8867924528,3,188.679245283019]],"lengthInSteps":16,"altAnim":false,"bpm":159,"changeBPM":false,"mustHitSection":true},{"typeOfSection":0,"sectionNotes":[[28679.2452830189,1,471.698113207547],[29339.6226415094,2,0],[29811.320754717,0,0],[30000,1,0]],"lengthInSteps":16,"altAnim":false,"bpm":159,"changeBPM":false,"mustHitSection":true},{"typeOfSection":0,"sectionNotes":[[30188.679245283,3,283.018867924528],[30566.0377358491,2,0],[30943.3962264151,2,0],[31320.7547169811,2,0],[31509.4339622642,0,0]],"lengthInSteps":16,"altAnim":false,"bpm":159,"changeBPM":false,"mustHitSection":true},{"typeOfSection":0,"sectionNotes":[[31698.1132075472,1,471.698113207547],[32830.1886792453,0,0],[32452.8301886792,3,0],[32264.1509433962,2,0]],"lengthInSteps":16,"altAnim":false,"bpm":159,"changeBPM":false,"mustHitSection":true},{"typeOfSection":0,"sectionNotes":[[33396.2264150943,3,0],[33584.9056603774,2,0],[33962.2641509434,0,188.679245283019],[34528.3018867924,3,188.679245283019]],"lengthInSteps":16,"altAnim":false,"bpm":159,"changeBPM":false,"mustHitSection":false},{"typeOfSection":0,"sectionNotes":[[35094.3396226415,2,188.679245283019],[35471.6981132076,0,188.679245283019],[35943.3962264151,2,0]],"lengthInSteps":16,"altAnim":false,"bpm":159,"changeBPM":false,"mustHitSection":false},{"typeOfSection":0,"sectionNotes":[[36415.0943396226,3,94.3396226415094],[36981.1320754717,0,188.679245283019],[36603.7735849057,2,94.3396226415094],[37358.4905660377,1,188.679245283019]],"lengthInSteps":16,"altAnim":false,"bpm":159,"changeBPM":false,"mustHitSection":false},{"typeOfSection":0,"sectionNotes":[[37735.8490566038,0,188.679245283019]],"lengthInSteps":16,"altAnim":false,"bpm":159,"changeBPM":false,"mustHitSection":false},{"typeOfSection":0,"sectionNotes":[[39433.9622641509,3,0],[39622.641509434,2,0],[40000,0,188.679245283019],[40566.0377358491,3,188.679245283019]],"lengthInSteps":16,"altAnim":false,"bpm":159,"changeBPM":false,"mustHitSection":true},{"typeOfSection":0,"sectionNotes":[[41132.0754716981,2,188.679245283019],[41509.4339622642,0,188.679245283019],[41981.1320754717,2,0]],"lengthInSteps":16,"altAnim":false,"bpm":159,"changeBPM":false,"mustHitSection":true},{"typeOfSection":0,"sectionNotes":[[42452.8301886792,3,94.3396226415094],[43018.8679245283,0,188.679245283019],[42641.5094339623,2,94.3396226415094],[43396.2264150943,1,188.679245283019]],"lengthInSteps":16,"altAnim":false,"bpm":159,"changeBPM":false,"mustHitSection":true},{"typeOfSection":0,"sectionNotes":[[43773.5849056604,0,188.679245283019]],"lengthInSteps":16,"altAnim":false,"bpm":159,"changeBPM":false,"mustHitSection":true},{"typeOfSection":0,"sectionNotes":[[45283.0188679245,0,283.018867924528],[46037.7358490566,2,0],[46415.0943396226,2,0],[46603.7735849057,3,0],[45660.3773584906,1,188.679245283019]],"lengthInSteps":16,"altAnim":false,"bpm":159,"changeBPM":false,"mustHitSection":false},{"typeOfSection":0,"sectionNotes":[[46792.4528301887,1,0],[47169.8113207547,4,0],[47547.1698113208,7,0],[47924.5283018868,5,0]],"lengthInSteps":16,"altAnim":false,"bpm":159,"changeBPM":false,"mustHitSection":false},{"typeOfSection":0,"sectionNotes":[[48679.2452830189,0,188.679245283019],[49056.6037735849,3,0],[49245.2830188679,0,0],[49433.9622641509,3,0],[49622.641509434,0,0],[48301.8867924528,6,849.056603773585],[48301.8867924528,2,283.018867924528]],"lengthInSteps":16,"altAnim":false,"bpm":159,"changeBPM":false,"mustHitSection":false},{"typeOfSection":0,"sectionNotes":[[50377.358490566,2,0],[50000,2,0],[50188.679245283,2,0]],"lengthInSteps":16,"altAnim":false,"bpm":159,"changeBPM":false,"mustHitSection":false},{"typeOfSection":0,"sectionNotes":[[51320.7547169811,0,283.018867924528],[52075.4716981132,2,0],[52452.8301886792,2,0],[52641.5094339623,3,0],[51698.1132075472,1,188.679245283019]],"lengthInSteps":16,"altAnim":false,"bpm":159,"changeBPM":false,"mustHitSection":true},{"typeOfSection":0,"sectionNotes":[[52830.1886792453,1,0],[52830.1886792453,1,0],[53207.5471698113,4,0],[53584.9056603774,7,0],[53962.2641509434,5,0]],"lengthInSteps":16,"altAnim":false,"bpm":159,"changeBPM":false,"mustHitSection":true},{"typeOfSection":0,"sectionNotes":[[54339.6226415094,2,188.679245283019],[54716.9811320755,0,188.679245283019],[55094.3396226415,3,0],[55283.0188679245,0,0],[55471.6981132075,3,0],[55660.3773584906,0,0],[54339.6226415094,6,1132.07547169811]],"lengthInSteps":16,"altAnim":false,"bpm":159,"changeBPM":false,"mustHitSection":true},{"typeOfSection":0,"sectionNotes":[[56132.0754716981,2,0],[56415.0943396226,2,0],[56603.7735849057,2,0]],"lengthInSteps":16,"altAnim":false,"bpm":159,"changeBPM":false,"mustHitSection":true},{"typeOfSection":0,"sectionNotes":[[57547.1698113208,2,0],[58396.2264150943,0,0],[58679.2452830189,3,0],[58018.8679245283,3,0],[57924.5283018868,2,0]],"lengthInSteps":16,"altAnim":false,"bpm":159,"changeBPM":false,"mustHitSection":false},{"typeOfSection":0,"sectionNotes":[[59245.2830188679,3,283.018867924528],[59622.641509434,2,0],[60000,0,283.018867924528],[58875,1,0]],"lengthInSteps":16,"altAnim":false,"bpm":159,"changeBPM":false,"mustHitSection":false},{"typeOfSection":0,"sectionNotes":[[60566.0377358491,2,0],[61415.0943396226,0,0],[61698.1132075472,3,0],[61037.7358490566,3,0],[60943.3962264151,2,0]],"lengthInSteps":16,"altAnim":false,"bpm":159,"changeBPM":false,"mustHitSection":true},{"typeOfSection":0,"sectionNotes":[[61886.7924528302,1,0],[62264.1509433962,3,283.018867924528],[62641.5094339623,2,0],[63018.8679245283,0,283.018867924528]],"lengthInSteps":16,"altAnim":false,"bpm":159,"changeBPM":false,"mustHitSection":true},{"typeOfSection":0,"sectionNotes":[[63396.2264150943,3,0],[63773.5849056604,1,188.679245283019],[64150.9433962264,0,0],[64528.3018867924,0,283.018867924528]],"lengthInSteps":16,"altAnim":false,"bpm":159,"changeBPM":false,"mustHitSection":false},{"typeOfSection":0,"sectionNotes":[[64905.6603773585,3,0],[65283.0188679245,1,188.679245283019],[65660.3773584906,0,0],[66037.7358490566,0,0]],"lengthInSteps":16,"altAnim":false,"bpm":159,"changeBPM":false,"mustHitSection":true},{"typeOfSection":0,"sectionNotes":[[66415.0943396227,0,0],[66415.0943396227,4,0],[66981.1320754717,3,0],[66981.1320754717,7,0],[67358.4905660377,2,0],[67358.4905660377,6,0],[67735.8490566038,1,377.358490566038],[67735.8490566038,5,377.358490566038]],"lengthInSteps":16,"altAnim":false,"bpm":159,"changeBPM":false,"mustHitSection":true},{"typeOfSection":0,"sectionNotes":[],"lengthInSteps":16,"altAnim":false,"bpm":159,"changeBPM":false,"mustHitSection":true},{"typeOfSection":0,"sectionNotes":[[69622.6415094339,0,0],[69811.320754717,3,0],[70566.0377358491,2,0],[70754.7169811321,3,0],[70188.679245283,1,0]],"lengthInSteps":16,"altAnim":false,"bpm":159,"changeBPM":false,"mustHitSection":false},{"typeOfSection":0,"sectionNotes":[[71132.0754716981,2,0],[71509.4339622642,0,0],[71698.1132075472,2,0],[71886.7924528302,3,0],[72264.1509433962,3,0]],"lengthInSteps":16,"altAnim":false,"bpm":159,"changeBPM":false,"mustHitSection":false},{"typeOfSection":0,"sectionNotes":[[72452.8301886792,2,283.018867924528],[72830.1886792453,0,283.018867924528],[73207.5471698113,3,283.018867924528],[73584.9056603773,0,0],[73773.5849056604,1,283.018867924528]],"lengthInSteps":16,"altAnim":false,"bpm":159,"changeBPM":false,"mustHitSection":false},{"typeOfSection":0,"sectionNotes":[[74528.3018867924,0,0],[74716.9811320755,3,0],[74905.6603773585,0,0],[75094.3396226415,3,0]],"lengthInSteps":16,"altAnim":false,"bpm":159,"changeBPM":false,"mustHitSection":false},{"typeOfSection":0,"sectionNotes":[[75660.3773584906,0,0],[75849.0566037736,3,0],[76603.7735849057,2,0],[76792.4528301887,3,0],[76226.4150943396,1,0]],"lengthInSteps":16,"altAnim":false,"bpm":159,"changeBPM":false,"mustHitSection":true},{"typeOfSection":0,"sectionNotes":[[77169.8113207547,2,0],[77547.1698113208,0,0],[77735.8490566038,2,0],[77924.5283018868,3,0],[78301.8867924528,3,0]],"lengthInSteps":16,"altAnim":false,"bpm":159,"changeBPM":false,"mustHitSection":true},{"typeOfSection":0,"sectionNotes":[[78490.5660377358,2,283.018867924528],[78867.9245283019,0,283.018867924528],[79245.2830188679,3,283.018867924528],[79622.641509434,0,0],[79811.320754717,1,283.018867924528]],"lengthInSteps":16,"altAnim":false,"bpm":159,"changeBPM":false,"mustHitSection":true},{"typeOfSection":0,"sectionNotes":[[80566.0377358491,0,0],[80754.7169811321,3,0],[80943.3962264151,0,0],[81132.0754716981,3,0]],"lengthInSteps":16,"altAnim":false,"bpm":159,"changeBPM":false,"mustHitSection":true},{"typeOfSection":0,"sectionNotes":[[81886.7924528302,3,0],[82264.1509433962,0,0],[82452.8301886792,3,0],[82641.5094339623,2,0],[81518.8679245283,1,0]],"lengthInSteps":16,"altAnim":false,"bpm":159,"changeBPM":false,"mustHitSection":false},{"typeOfSection":0,"sectionNotes":[[83018.8679245283,1,0],[83396.2264150943,3,0],[83773.5849056604,0,0],[83962.2641509434,3,0],[84150.9433962264,2,0]],"lengthInSteps":16,"altAnim":false,"bpm":159,"changeBPM":false,"mustHitSection":true},{"typeOfSection":0,"sectionNotes":[[84528.3018867925,2,0],[84905.6603773585,2,0],[85094.3396226415,0,0],[85283.0188679245,2,0],[85660.3773584906,2,0],[85849.0566037736,0,0]],"lengthInSteps":16,"altAnim":false,"bpm":159,"changeBPM":false,"mustHitSection":false},{"typeOfSection":0,"sectionNotes":[[86037.7358490566,2,0],[86415.0943396227,2,0],[86603.7735849057,0,0],[86792.4528301887,2,0],[87169.8113207547,2,0],[87358.4905660377,0,0]],"lengthInSteps":16,"altAnim":false,"bpm":159,"changeBPM":false,"mustHitSection":true},{"typeOfSection":0,"sectionNotes":[[87547.1698113208,3,283.018867924528],[87924.5283018868,0,94.3396226415094],[88113.2075471698,1,188.679245283019],[88301.8867924528,4,0],[88679.2452830189,7,188.679245283019],[88679.2452830189,1,0]],"lengthInSteps":16,"altAnim":false,"bpm":159,"changeBPM":false,"mustHitSection":false},{"typeOfSection":0,"sectionNotes":[[89056.6037735849,5,188.679245283019],[89056.6037735849,3,0],[89433.9622641509,3,0],[89811.320754717,1,188.679245283019],[89811.320754717,7,0],[90188.679245283,6,188.679245283019]],"lengthInSteps":16,"altAnim":false,"bpm":159,"changeBPM":false,"mustHitSection":false},{"typeOfSection":0,"sectionNotes":[[90566.0377358491,5,188.679245283019],[90566.0377358491,0,0],[91132.0754716981,3,0],[91603.7735849057,3,0]],"lengthInSteps":16,"altAnim":false,"bpm":159,"changeBPM":false,"mustHitSection":false},{"typeOfSection":0,"sectionNotes":[[92075.4716981132,2,471.698113207547],[92075.4716981132,6,471.698113207547],[92735.8490566038,3,283.018867924528],[92735.8490566038,4,283.018867924528]],"lengthInSteps":16,"altAnim":false,"bpm":159,"changeBPM":false,"mustHitSection":true},{"typeOfSection":0,"sectionNotes":[[93773.5849056604,3,0],[93962.2641509434,2,0],[94339.6226415094,0,188.679245283019],[94905.6603773585,3,188.679245283019],[94150.9433962264,7,0],[94339.6226415094,6,0],[94716.9811320755,4,188.679245283019]],"lengthInSteps":16,"altAnim":false,"bpm":159,"changeBPM":false,"mustHitSection":false},{"typeOfSection":0,"sectionNotes":[[95377.358490566,6,188.679245283019],[95754.7169811321,4,94.3396226415094],[96226.4150943396,7,0],[95283.0188679245,3,188.679245283019],[95849.0566037736,2,188.679245283019],[96226.4150943396,0,188.679245283019]],"lengthInSteps":16,"altAnim":false,"bpm":159,"changeBPM":false,"mustHitSection":true},{"typeOfSection":0,"sectionNotes":[[96792.4528301887,7,94.3396226415094],[97358.4905660377,4,188.679245283019],[96981.1320754717,6,94.3396226415094],[97735.8490566038,5,188.679245283019],[96603.7735849057,0,94.3396226415094],[97735.8490566038,0,188.679245283019],[97169.8113207547,3,94.3396226415094],[97358.4905660377,2,94.3396226415094]],"lengthInSteps":16,"altAnim":false,"bpm":159,"changeBPM":false,"mustHitSection":true},{"typeOfSection":0,"sectionNotes":[[98113.2075471698,0,188.679245283019],[98113.2075471698,5,188.679245283019],[98490.5660377359,7,188.679245283019]],"lengthInSteps":16,"altAnim":false,"bpm":159,"changeBPM":false,"mustHitSection":false},{"typeOfSection":0,"sectionNotes":[[100943.396226415,7,188.679245283019],[99811.320754717,3,0],[100000,2,0],[100377.358490566,0,188.679245283019],[100943.396226415,3,188.679245283019],[100188.679245283,7,0],[100377.358490566,6,0],[100754.716981132,4,188.679245283019]],"lengthInSteps":16,"altAnim":false,"bpm":159,"changeBPM":false,"mustHitSection":false},{"typeOfSection":0,"sectionNotes":[[101415.094339623,6,188.679245283019],[101792.452830189,4,94.3396226415094],[102264.150943396,7,0],[101320.754716981,3,188.679245283019],[101886.79245283,2,188.679245283019],[102264.150943396,0,188.679245283019]],"lengthInSteps":16,"altAnim":false,"bpm":159,"changeBPM":false,"mustHitSection":true},{"typeOfSection":0,"sectionNotes":[[102830.188679245,3,94.3396226415094],[103396.226415094,0,188.679245283019],[103018.867924528,2,94.3396226415094],[103773.58490566,1,188.679245283019],[102641.509433962,4,94.3396226415094],[103773.58490566,4,188.679245283019],[103207.547169811,7,94.3396226415094],[103396.226415094,6,94.3396226415094]],"lengthInSteps":16,"altAnim":false,"bpm":159,"changeBPM":false,"mustHitSection":false},{"typeOfSection":0,"sectionNotes":[[104150.943396226,4,188.679245283019],[104150.943396226,1,188.679245283019],[104528.301886792,3,188.679245283019]],"lengthInSteps":16,"altAnim":false,"bpm":159,"changeBPM":false,"mustHitSection":false},{"typeOfSection":0,"sectionNotes":[[105849.056603774,2,0],[106226.41509434,2,0],[106509.433962264,2,0],[106698.113207547,0,0],[106792.452830189,2,0],[106981.132075472,3,0]],"lengthInSteps":16,"altAnim":false,"bpm":159,"changeBPM":false,"mustHitSection":false},{"typeOfSection":0,"sectionNotes":[[107358.490566038,0,0],[107547.169811321,3,283.018867924528],[107924.528301887,2,0],[108113.20754717,3,0],[108301.886792453,0,283.018867924528],[107172.169811321,1,0]],"lengthInSteps":16,"altAnim":false,"bpm":159,"changeBPM":false,"mustHitSection":false},{"typeOfSection":0,"sectionNotes":[[108867.924528302,2,0],[109528.301886792,2,0],[109716.981132075,0,0],[110000,3,0]],"lengthInSteps":16,"altAnim":false,"bpm":159,"changeBPM":false,"mustHitSection":true},{"typeOfSection":0,"sectionNotes":[[110566.037735849,3,283.018867924528],[111320.754716981,0,283.018867924528],[110198.113207547,1,0],[110943.396226415,2,0]],"lengthInSteps":16,"altAnim":false,"bpm":159,"changeBPM":false,"mustHitSection":true},{"typeOfSection":0,"sectionNotes":[[111698.113207547,3,0],[112075.471698113,1,188.679245283019],[112452.830188679,0,0],[112830.188679245,0,283.018867924528]],"lengthInSteps":16,"altAnim":false,"bpm":159,"changeBPM":false,"mustHitSection":false},{"typeOfSection":0,"sectionNotes":[[113207.547169811,3,0],[113584.905660377,1,188.679245283019],[113962.264150943,0,0],[114339.622641509,0,0]],"lengthInSteps":16,"altAnim":false,"bpm":159,"changeBPM":false,"mustHitSection":true},{"typeOfSection":0,"sectionNotes":[[114716.981132075,0,0],[114716.981132075,4,0],[114905.660377358,1,0],[114905.660377358,5,0],[115283.018867925,3,0],[115283.018867925,7,0],[115660.377358491,2,0],[115660.377358491,6,0],[116037.735849057,1,377.358490566038],[116037.735849057,5,377.358490566038]],"lengthInSteps":16,"altAnim":false,"bpm":159,"changeBPM":false,"mustHitSection":false},{"typeOfSection":0,"sectionNotes":[],"lengthInSteps":16,"altAnim":false,"bpm":159,"changeBPM":false,"mustHitSection":true},{"typeOfSection":0,"sectionNotes":[[117924.528301887,0,0],[118490.566037736,1,0],[118867.924528302,2,0],[119056.603773585,3,0]],"lengthInSteps":16,"altAnim":false,"bpm":159,"changeBPM":false,"mustHitSection":false},{"typeOfSection":0,"sectionNotes":[[119245.283018868,2,188.679245283019],[119622.641509434,3,188.679245283019],[120000,0,188.679245283019],[120377.358490566,3,188.679245283019]],"lengthInSteps":16,"altAnim":false,"bpm":159,"changeBPM":false,"mustHitSection":false},{"typeOfSection":0,"sectionNotes":[[120943.396226415,0,0],[121509.433962264,1,0],[121886.79245283,2,0],[122075.471698113,3,0]],"lengthInSteps":16,"altAnim":false,"bpm":159,"changeBPM":false,"mustHitSection":true},{"typeOfSection":0,"sectionNotes":[[122264.150943396,2,188.679245283019],[122641.509433962,3,188.679245283019],[123018.867924528,0,188.679245283019],[123396.226415094,3,188.679245283019]],"lengthInSteps":16,"altAnim":false,"bpm":159,"changeBPM":false,"mustHitSection":true},{"typeOfSection":0,"sectionNotes":[[123773.58490566,1,94.3396226415094],[124056.603773585,3,0],[124245.283018868,3,0],[124528.301886792,2,0],[124811.320754717,0,188.679245283019],[125188.679245283,1,283.018867924528]],"lengthInSteps":16,"altAnim":false,"bpm":159,"changeBPM":false,"mustHitSection":false},{"typeOfSection":0,"sectionNotes":[[125660.377358491,1,188.679245283019],[126226.41509434,0,0],[126415.094339623,0,0],[125283.018867925,2,0],[126037.735849057,3,0]],"lengthInSteps":16,"altAnim":false,"bpm":159,"changeBPM":false,"mustHitSection":true},{"typeOfSection":0,"sectionNotes":[[126792.452830189,0,0],[126792.452830189,4,0],[127358.490566038,3,0],[127358.490566038,7,0],[127735.849056604,2,0],[127735.849056604,6,0],[128113.20754717,1,377.358490566038],[128113.20754717,5,377.358490566038]],"lengthInSteps":16,"altAnim":false,"bpm":159,"changeBPM":false,"mustHitSection":true},{"typeOfSection":0,"sectionNotes":[[129056.603773585,0,0],[129245.283018868,3,0],[129433.962264151,0,0]],"lengthInSteps":16,"altAnim":false,"bpm":159,"changeBPM":false,"mustHitSection":true},{"typeOfSection":0,"sectionNotes":[[129811.320754717,2,0]],"lengthInSteps":16,"altAnim":false,"bpm":159,"changeBPM":false,"mustHitSection":true},{"typeOfSection":0,"sectionNotes":[],"lengthInSteps":16,"altAnim":false,"bpm":159,"changeBPM":false,"mustHitSection":true},{"typeOfSection":0,"sectionNotes":[],"lengthInSteps":16,"altAnim":false,"bpm":159,"changeBPM":false,"mustHitSection":true},{"typeOfSection":0,"sectionNotes":[],"lengthInSteps":16,"altAnim":false,"bpm":159,"changeBPM":false,"mustHitSection":true},{"typeOfSection":0,"sectionNotes":[],"lengthInSteps":16,"altAnim":false,"bpm":159,"changeBPM":false,"mustHitSection":true},{"lengthInSteps":16,"altAnim":false,"typeOfSection":0,"sectionNotes":[],"bpm":159,"changeBPM":false,"mustHitSection":true}],"song":"Winter-Horrorland","stage":"mallEvil","validScore":true,"sections":0,"needsVoices":true,"speed":1.1,"bpm":159}}