{"song":{"sectionLengths":[],"player1":"bf","player2":"pico","notes":[{"typeOfSection":0,"sectionNotes":[],"lengthInSteps":16,"bpm":95,"changeBPM":false,"mustHitSection":true},{"typeOfSection":0,"sectionNotes":[],"lengthInSteps":16,"bpm":165,"changeBPM":false,"mustHitSection":true},{"typeOfSection":0,"sectionNotes":[],"lengthInSteps":16,"bpm":165,"changeBPM":false,"mustHitSection":true},{"typeOfSection":0,"sectionNotes":[],"lengthInSteps":16,"bpm":165,"changeBPM":false,"mustHitSection":true},{"typeOfSection":0,"sectionNotes":[],"lengthInSteps":16,"bpm":165,"changeBPM":false,"mustHitSection":true},{"typeOfSection":0,"sectionNotes":[],"lengthInSteps":16,"bpm":165,"changeBPM":false,"mustHitSection":true},{"typeOfSection":0,"sectionNotes":[],"lengthInSteps":16,"bpm":165,"changeBPM":false,"mustHitSection":true},{"typeOfSection":0,"sectionNotes":[],"lengthInSteps":16,"bpm":165,"changeBPM":false,"mustHitSection":true},{"typeOfSection":0,"sectionNotes":[[11818.1818181818,1,0],[12363.6363636364,0,0],[12727.2727272727,3,157.894736842105]],"lengthInSteps":16,"bpm":165,"changeBPM":false,"mustHitSection":false},{"typeOfSection":0,"sectionNotes":[[13090.9090909091,2,0],[13454.5454545455,2,0],[14181.8181818182,1,0]],"lengthInSteps":16,"bpm":165,"changeBPM":false,"mustHitSection":false},{"typeOfSection":0,"sectionNotes":[[14727.2727272727,1,0],[15272.7272727273,0,0],[15636.3636363636,3,0]],"lengthInSteps":16,"bpm":165,"changeBPM":false,"mustHitSection":false},{"typeOfSection":0,"sectionNotes":[[17181.8181818182,1,157.894736842105],[16181.8181818182,1,0]],"lengthInSteps":16,"bpm":165,"changeBPM":false,"mustHitSection":false},{"typeOfSection":0,"sectionNotes":[[17636.3636363636,1,0],[18181.8181818182,0,0],[18545.4545454545,3,157.894736842105]],"lengthInSteps":16,"bpm":165,"changeBPM":false,"mustHitSection":true},{"typeOfSection":0,"sectionNotes":[[18909.0909090909,2,0],[20000,1,0],[19272.7272727273,2,0]],"lengthInSteps":16,"bpm":165,"changeBPM":false,"mustHitSection":true},{"typeOfSection":0,"sectionNotes":[[20545.4545454545,1,0],[21090.9090909091,0,0],[21454.5454545455,3,0]],"lengthInSteps":16,"bpm":165,"changeBPM":false,"mustHitSection":true},{"typeOfSection":0,"sectionNotes":[[22000,1,236.842105263158],[23000,1,157.894736842105]],"lengthInSteps":16,"bpm":165,"changeBPM":false,"mustHitSection":true},{"typeOfSection":0,"sectionNotes":[[23454.5454545454,2,0],[24000,2,0]],"lengthInSteps":16,"bpm":165,"changeBPM":false,"mustHitSection":false},{"typeOfSection":0,"sectionNotes":[[25090.9090909091,0,0],[25454.5454545455,2,0],[24727.2727272727,3,0]],"lengthInSteps":16,"bpm":165,"changeBPM":false,"mustHitSection":false},{"typeOfSection":0,"sectionNotes":[[26363.6363636364,2,0],[26909.0909090909,1,0],[27272.7272727273,3,0]],"lengthInSteps":16,"bpm":165,"changeBPM":false,"mustHitSection":false},{"typeOfSection":0,"sectionNotes":[[27636.3636363636,3,0],[28000,1,0],[28727.2727272727,0,0],[28363.6363636364,3,0]],"lengthInSteps":16,"bpm":165,"changeBPM":false,"mustHitSection":false},{"typeOfSection":0,"sectionNotes":[[29272.7272727273,2,0],[29818.1818181818,2,0]],"lengthInSteps":16,"bpm":165,"changeBPM":false,"mustHitSection":true},{"typeOfSection":0,"sectionNotes":[[30545.4545454545,3,0],[31272.7272727273,2,0],[31636.3636363636,0,0]],"lengthInSteps":16,"bpm":165,"changeBPM":false,"mustHitSection":true},{"typeOfSection":0,"sectionNotes":[[32181.8181818182,2,0],[32727.2727272727,1,0],[33090.9090909091,3,0]],"lengthInSteps":16,"bpm":165,"changeBPM":false,"mustHitSection":true},{"typeOfSection":0,"sectionNotes":[[33454.5454545455,3,0],[33818.1818181818,1,0],[34181.8181818182,3,0],[34545.4545454545,0,0],[34727.2727272727,1,0]],"lengthInSteps":16,"bpm":165,"changeBPM":false,"mustHitSection":true},{"typeOfSection":0,"sectionNotes":[[35090.9090909091,0,0],[35636.3636363636,3,0],[36000,1,272.727272727273]],"lengthInSteps":16,"bpm":165,"changeBPM":false,"mustHitSection":false},{"typeOfSection":0,"sectionNotes":[[36363.6363636364,2,181.818181818182],[37090.9090909091,2,0],[37454.5454545455,0,0]],"lengthInSteps":16,"bpm":165,"changeBPM":false,"mustHitSection":false},{"typeOfSection":0,"sectionNotes":[[38000,0,0],[38545.4545454546,3,0],[38909.0909090909,1,272.727272727273]],"lengthInSteps":16,"bpm":165,"changeBPM":false,"mustHitSection":false},{"typeOfSection":0,"sectionNotes":[[39272.7272727273,0,272.727272727273],[39636.3636363636,1,0],[40000,3,0],[40363.6363636364,2,0]],"lengthInSteps":16,"bpm":165,"changeBPM":false,"mustHitSection":false},{"typeOfSection":0,"sectionNotes":[[40909.0909090909,0,0],[41454.5454545455,3,0],[41818.1818181818,1,272.727272727273]],"lengthInSteps":16,"bpm":165,"changeBPM":false,"mustHitSection":true},{"typeOfSection":0,"sectionNotes":[[42181.8181818182,2,181.818181818182],[42545.4545454545,3,0],[42909.0909090909,2,0],[43272.7272727273,0,0]],"lengthInSteps":16,"bpm":165,"changeBPM":false,"mustHitSection":true},{"typeOfSection":0,"sectionNotes":[[43818.1818181818,0,0],[44363.6363636364,3,0],[44727.2727272727,1,272.727272727273]],"lengthInSteps":16,"bpm":165,"changeBPM":false,"mustHitSection":true},{"typeOfSection":0,"sectionNotes":[[45090.9090909091,0,272.727272727273],[45818.1818181818,3,0],[46181.8181818182,2,0]],"lengthInSteps":16,"bpm":165,"changeBPM":false,"mustHitSection":true},{"typeOfSection":0,"sectionNotes":[[46909.0909090909,3,0],[47454.5454545455,0,0],[46545.4545454545,0,0]],"lengthInSteps":16,"bpm":165,"changeBPM":false,"mustHitSection":false},{"typeOfSection":0,"sectionNotes":[[48363.6363636364,3,0],[48727.2727272727,1,0],[49272.7272727273,0,0],[48000,2,0]],"lengthInSteps":16,"bpm":165,"changeBPM":false,"mustHitSection":false},{"typeOfSection":0,"sectionNotes":[[50727.2727272727,0,0],[49454.5454545455,3,0],[50181.8181818182,2,0]],"lengthInSteps":16,"bpm":165,"changeBPM":false,"mustHitSection":false},{"typeOfSection":0,"sectionNotes":[[50909.0909090909,0,0],[52181.8181818182,3,0],[51636.3636363636,2,0]],"lengthInSteps":16,"bpm":165,"changeBPM":false,"mustHitSection":false},{"typeOfSection":0,"sectionNotes":[[52727.2727272727,3,0],[53272.7272727273,0,0],[52363.6363636364,0,0]],"lengthInSteps":16,"bpm":165,"changeBPM":false,"mustHitSection":true},{"typeOfSection":0,"sectionNotes":[[54181.8181818182,3,0],[55090.9090909091,0,0],[53818.1818181818,2,0],[54545.4545454545,1,0]],"lengthInSteps":16,"bpm":165,"changeBPM":false,"mustHitSection":true},{"typeOfSection":0,"sectionNotes":[[56545.4545454545,0,0],[55272.7272727273,3,0],[56000,2,0]],"lengthInSteps":16,"bpm":165,"changeBPM":false,"mustHitSection":true},{"typeOfSection":0,"sectionNotes":[[56727.2727272727,0,0],[58000,3,0],[57454.5454545455,2,0]],"lengthInSteps":16,"bpm":165,"changeBPM":false,"mustHitSection":true},{"typeOfSection":0,"sectionNotes":[[58545.4545454545,3,0],[59090.9090909091,0,0],[58181.8181818182,0,0]],"lengthInSteps":16,"bpm":165,"changeBPM":false,"mustHitSection":false},{"typeOfSection":0,"sectionNotes":[[60000,3,0],[60363.6363636364,1,0],[60909.0909090909,0,0],[59636.3636363636,2,0]],"lengthInSteps":16,"bpm":165,"changeBPM":false,"mustHitSection":false},{"typeOfSection":0,"sectionNotes":[[62363.6363636364,0,0],[61090.9090909091,3,0],[61909.0909090909,3,0]],"lengthInSteps":16,"bpm":165,"changeBPM":false,"mustHitSection":false},{"typeOfSection":0,"sectionNotes":[[62545.4545454546,2,0],[63272.7272727273,1,0],[63818.1818181818,3,0]],"lengthInSteps":16,"bpm":165,"changeBPM":false,"mustHitSection":false},{"typeOfSection":0,"sectionNotes":[[64363.6363636364,3,0],[64909.0909090909,0,0],[64000,0,0]],"lengthInSteps":16,"bpm":165,"changeBPM":false,"mustHitSection":true},{"typeOfSection":0,"sectionNotes":[[65818.1818181818,3,0],[66181.8181818182,1,0],[66727.2727272727,0,0],[65454.5454545455,2,0]],"lengthInSteps":16,"bpm":165,"changeBPM":false,"mustHitSection":true},{"typeOfSection":0,"sectionNotes":[[68181.8181818182,0,0],[66909.0909090909,3,0],[67272.7272727273,3,0]],"lengthInSteps":16,"bpm":165,"changeBPM":false,"mustHitSection":true},{"typeOfSection":0,"sectionNotes":[[69636.3636363636,3,0],[68363.6363636364,2,0],[69090.9090909091,1,0]],"lengthInSteps":16,"bpm":165,"changeBPM":false,"mustHitSection":true},{"typeOfSection":0,"sectionNotes":[[69818.1818181818,5,272.727272727273],[70000,0,0],[70545.4545454546,3,0],[70909.0909090909,1,272.727272727273]],"lengthInSteps":16,"bpm":165,"changeBPM":false,"mustHitSection":false},{"typeOfSection":0,"sectionNotes":[[71272.7272727273,2,181.818181818182],[72000,2,0],[72545.4545454546,3,0]],"lengthInSteps":16,"bpm":165,"changeBPM":false,"mustHitSection":false},{"typeOfSection":0,"sectionNotes":[[72909.0909090909,0,0],[73454.5454545455,3,0],[73818.1818181818,1,272.727272727273]],"lengthInSteps":16,"bpm":165,"changeBPM":false,"mustHitSection":false},{"typeOfSection":0,"sectionNotes":[[74545.4545454545,1,0],[74909.0909090909,3,0],[75454.5454545455,3,0],[74195.4545454545,0,272.727272727273]],"lengthInSteps":16,"bpm":165,"changeBPM":false,"mustHitSection":false},{"typeOfSection":0,"sectionNotes":[[75818.1818181818,0,0],[76363.6363636364,3,0],[76727.2727272727,1,272.727272727273]],"lengthInSteps":16,"bpm":165,"changeBPM":false,"mustHitSection":true},{"typeOfSection":0,"sectionNotes":[[77090.9090909091,2,181.818181818182],[77818.1818181818,2,0],[78363.6363636364,3,0]],"lengthInSteps":16,"bpm":165,"changeBPM":false,"mustHitSection":true},{"typeOfSection":0,"sectionNotes":[[78727.2727272727,0,0],[79272.7272727273,3,0],[79636.3636363636,1,272.727272727273]],"lengthInSteps":16,"bpm":165,"changeBPM":false,"mustHitSection":true},{"typeOfSection":0,"sectionNotes":[[80000,0,272.727272727273],[80363.6363636364,1,0],[80727.2727272727,3,0],[81272.7272727273,3,0]],"lengthInSteps":16,"bpm":165,"changeBPM":false,"mustHitSection":true},{"typeOfSection":0,"sectionNotes":[[81636.3636363636,0,0],[82181.8181818182,3,0],[82545.4545454546,1,272.727272727273]],"lengthInSteps":16,"bpm":165,"changeBPM":false,"mustHitSection":false},{"typeOfSection":0,"sectionNotes":[[83636.3636363636,2,0],[84181.8181818182,3,0],[82915.9090909091,2,181.818181818182]],"lengthInSteps":16,"bpm":165,"changeBPM":false,"mustHitSection":false},{"typeOfSection":0,"sectionNotes":[[84545.4545454545,0,0],[85090.9090909091,3,0],[85454.5454545455,1,272.727272727273]],"lengthInSteps":16,"bpm":165,"changeBPM":false,"mustHitSection":false},{"typeOfSection":0,"sectionNotes":[[86181.8181818182,1,0],[86545.4545454545,3,0],[87090.9090909091,3,0],[85822.7272727273,0,272.727272727273]],"lengthInSteps":16,"bpm":165,"changeBPM":false,"mustHitSection":false},{"typeOfSection":0,"sectionNotes":[[87454.5454545455,0,0],[88000,3,0],[88363.6363636364,1,272.727272727273]],"lengthInSteps":16,"bpm":165,"changeBPM":false,"mustHitSection":true},{"typeOfSection":0,"sectionNotes":[[88727.2727272727,2,181.818181818182],[89454.5454545455,2,0],[89818.1818181818,0,0],[90000,3,0]],"lengthInSteps":16,"bpm":165,"changeBPM":false,"mustHitSection":true},{"typeOfSection":0,"sectionNotes":[[90363.6363636364,0,0],[90909.0909090909,3,0],[91272.7272727273,1,272.727272727273]],"lengthInSteps":16,"bpm":165,"changeBPM":false,"mustHitSection":true},{"typeOfSection":0,"sectionNotes":[[91636.3636363636,0,272.727272727273],[92000,1,0],[92363.6363636364,3,0],[92545.4545454545,1,0],[92909.0909090909,3,0]],"lengthInSteps":16,"bpm":165,"changeBPM":false,"mustHitSection":true},{"typeOfSection":0,"sectionNotes":[],"lengthInSteps":16,"bpm":165,"changeBPM":false,"mustHitSection":true},{"typeOfSection":0,"sectionNotes":[],"lengthInSteps":16,"bpm":165,"changeBPM":false,"mustHitSection":true},{"typeOfSection":0,"sectionNotes":[],"lengthInSteps":16,"bpm":165,"changeBPM":false,"mustHitSection":true},{"typeOfSection":0,"sectionNotes":[],"lengthInSteps":16,"bpm":165,"changeBPM":false,"mustHitSection":true},{"typeOfSection":0,"sectionNotes":[],"lengthInSteps":16,"bpm":165,"changeBPM":false,"mustHitSection":true},{"typeOfSection":0,"sectionNotes":[],"lengthInSteps":16,"bpm":165,"changeBPM":false,"mustHitSection":true},{"typeOfSection":0,"sectionNotes":[],"lengthInSteps":16,"bpm":165,"changeBPM":false,"mustHitSection":true},{"typeOfSection":0,"sectionNotes":[],"lengthInSteps":16,"bpm":165,"changeBPM":false,"mustHitSection":true},{"typeOfSection":0,"sectionNotes":[],"lengthInSteps":16,"bpm":165,"changeBPM":false,"mustHitSection":true},{"typeOfSection":0,"sectionNotes":[],"lengthInSteps":16,"bpm":165,"changeBPM":false,"mustHitSection":true},{"typeOfSection":0,"sectionNotes":[],"lengthInSteps":16,"bpm":165,"changeBPM":false,"mustHitSection":true},{"typeOfSection":0,"sectionNotes":[],"lengthInSteps":16,"bpm":165,"changeBPM":false,"mustHitSection":true},{"typeOfSection":0,"sectionNotes":[],"lengthInSteps":16,"bpm":165,"changeBPM":false,"mustHitSection":true},{"lengthInSteps":16,"altAnim":false,"typeOfSection":0,"sectionNotes":[],"bpm":165,"changeBPM":false,"mustHitSection":true}],"song":"Blammed","stage":"philly","validScore":true,"sections":0,"needsVoices":true,"speed":1.2,"bpm":165}}