﻿<?xml version="1.0" encoding="utf-8"?>
<TextureAtlas imagePath="bfChristmas.png">
	<!-- Created with Adobe Animate version 20.0.0.17400 -->
	<!-- http://www.adobe.com/products/animate.html -->
	<SubTexture name="BF HEY!!0000" x="0" y="0" width="395" height="419" frameX="0" frameY="0" frameWidth="415" frameHeight="421"/>
	<SubTexture name="BF HEY!!0001" x="0" y="0" width="395" height="419" frameX="0" frameY="0" frameWidth="415" frameHeight="421"/>
	<SubTexture name="BF HEY!!0002" x="405" y="0" width="413" height="413" frameX="-1" frameY="-8" frameWidth="415" frameHeight="421"/>
	<SubTexture name="BF HEY!!0003" x="405" y="0" width="413" height="413" frameX="-1" frameY="-8" frameWidth="415" frameHeight="421"/>
	<SubTexture name="BF HEY!!0004" x="828" y="0" width="414" height="415" frameX="-1" frameY="-6" frameWidth="415" frameHeight="421"/>
	<SubTexture name="BF HEY!!0005" x="828" y="0" width="414" height="415" frameX="-1" frameY="-6" frameWidth="415" frameHeight="421"/>
	<SubTexture name="BF HEY!!0006" x="828" y="0" width="414" height="415" frameX="-1" frameY="-6" frameWidth="415" frameHeight="421"/>
	<SubTexture name="BF HEY!!0007" x="828" y="0" width="414" height="415" frameX="-1" frameY="-6" frameWidth="415" frameHeight="421"/>
	<SubTexture name="BF HEY!!0008" x="828" y="0" width="414" height="415" frameX="-1" frameY="-6" frameWidth="415" frameHeight="421"/>
	<SubTexture name="BF HEY!!0009" x="828" y="0" width="414" height="415" frameX="-1" frameY="-6" frameWidth="415" frameHeight="421"/>
	<SubTexture name="BF HEY!!0010" x="828" y="0" width="414" height="415" frameX="-1" frameY="-6" frameWidth="415" frameHeight="421"/>
	<SubTexture name="BF HEY!!0011" x="828" y="0" width="414" height="415" frameX="-1" frameY="-6" frameWidth="415" frameHeight="421"/>
	<SubTexture name="BF HEY!!0012" x="828" y="0" width="414" height="415" frameX="-1" frameY="-6" frameWidth="415" frameHeight="421"/>
	<SubTexture name="BF HEY!!0013" x="828" y="0" width="414" height="415" frameX="-1" frameY="-6" frameWidth="415" frameHeight="421"/>
	<SubTexture name="BF HEY!!0014" x="828" y="0" width="414" height="415" frameX="-1" frameY="-6" frameWidth="415" frameHeight="421"/>
	<SubTexture name="BF HEY!!0015" x="828" y="0" width="414" height="415" frameX="-1" frameY="-6" frameWidth="415" frameHeight="421"/>
	<SubTexture name="BF HEY!!0016" x="828" y="0" width="414" height="415" frameX="-1" frameY="-6" frameWidth="415" frameHeight="421"/>
	<SubTexture name="BF HEY!!0017" x="828" y="0" width="414" height="415" frameX="-1" frameY="-6" frameWidth="415" frameHeight="421"/>
	<SubTexture name="BF HEY!!0018" x="828" y="0" width="414" height="415" frameX="-1" frameY="-6" frameWidth="415" frameHeight="421"/>
	<SubTexture name="BF HEY!!0019" x="828" y="0" width="414" height="415" frameX="-1" frameY="-6" frameWidth="415" frameHeight="421"/>
	<SubTexture name="BF HEY!!0020" x="828" y="0" width="414" height="415" frameX="-1" frameY="-6" frameWidth="415" frameHeight="421"/>
	<SubTexture name="BF HEY!!0021" x="828" y="0" width="414" height="415" frameX="-1" frameY="-6" frameWidth="415" frameHeight="421"/>
	<SubTexture name="BF HEY!!0022" x="828" y="0" width="414" height="415" frameX="-1" frameY="-6" frameWidth="415" frameHeight="421"/>
	<SubTexture name="BF HEY!!0023" x="828" y="0" width="414" height="415" frameX="-1" frameY="-6" frameWidth="415" frameHeight="421"/>
	<SubTexture name="BF HEY!!0024" x="828" y="0" width="414" height="415" frameX="-1" frameY="-6" frameWidth="415" frameHeight="421"/>
	<SubTexture name="BF HEY!!0025" x="828" y="0" width="414" height="415" frameX="-1" frameY="-6" frameWidth="415" frameHeight="421"/>
	<SubTexture name="BF NOTE DOWN0000" x="1252" y="0" width="379" height="364" frameX="-1" frameY="-5" frameWidth="380" frameHeight="369"/>
	<SubTexture name="BF NOTE DOWN0001" x="1252" y="0" width="379" height="364" frameX="-1" frameY="-5" frameWidth="380" frameHeight="369"/>
	<SubTexture name="BF NOTE DOWN0002" x="1641" y="0" width="376" height="369" frameX="0" frameY="0" frameWidth="380" frameHeight="369"/>
	<SubTexture name="BF NOTE DOWN0003" x="1641" y="0" width="376" height="369" frameX="0" frameY="0" frameWidth="380" frameHeight="369"/>
	<SubTexture name="BF NOTE DOWN0004" x="1641" y="0" width="376" height="369" frameX="0" frameY="0" frameWidth="380" frameHeight="369"/>
	<SubTexture name="BF NOTE DOWN0005" x="1641" y="0" width="376" height="369" frameX="0" frameY="0" frameWidth="380" frameHeight="369"/>
	<SubTexture name="BF NOTE DOWN0006" x="1641" y="0" width="376" height="369" frameX="0" frameY="0" frameWidth="380" frameHeight="369"/>
	<SubTexture name="BF NOTE DOWN0007" x="1641" y="0" width="376" height="369" frameX="0" frameY="0" frameWidth="380" frameHeight="369"/>
	<SubTexture name="BF NOTE DOWN0008" x="1641" y="0" width="376" height="369" frameX="0" frameY="0" frameWidth="380" frameHeight="369"/>
	<SubTexture name="BF NOTE DOWN0009" x="1641" y="0" width="376" height="369" frameX="0" frameY="0" frameWidth="380" frameHeight="369"/>
	<SubTexture name="BF NOTE DOWN0010" x="1641" y="0" width="376" height="369" frameX="0" frameY="0" frameWidth="380" frameHeight="369"/>
	<SubTexture name="BF NOTE DOWN0011" x="1641" y="0" width="376" height="369" frameX="0" frameY="0" frameWidth="380" frameHeight="369"/>
	<SubTexture name="BF NOTE DOWN0012" x="1641" y="0" width="376" height="369" frameX="0" frameY="0" frameWidth="380" frameHeight="369"/>
	<SubTexture name="BF NOTE DOWN0013" x="1641" y="0" width="376" height="369" frameX="0" frameY="0" frameWidth="380" frameHeight="369"/>
	<SubTexture name="BF NOTE DOWN0014" x="1641" y="0" width="376" height="369" frameX="0" frameY="0" frameWidth="380" frameHeight="369"/>
	<SubTexture name="BF NOTE DOWN0015" x="1641" y="0" width="376" height="369" frameX="0" frameY="0" frameWidth="380" frameHeight="369"/>
	<SubTexture name="BF NOTE DOWN0016" x="1641" y="0" width="376" height="369" frameX="0" frameY="0" frameWidth="380" frameHeight="369"/>
	<SubTexture name="BF NOTE DOWN0017" x="1641" y="0" width="376" height="369" frameX="0" frameY="0" frameWidth="380" frameHeight="369"/>
	<SubTexture name="BF NOTE DOWN0018" x="1641" y="0" width="376" height="369" frameX="0" frameY="0" frameWidth="380" frameHeight="369"/>
	<SubTexture name="BF NOTE DOWN0019" x="1641" y="0" width="376" height="369" frameX="0" frameY="0" frameWidth="380" frameHeight="369"/>
	<SubTexture name="BF NOTE DOWN0020" x="1641" y="0" width="376" height="369" frameX="0" frameY="0" frameWidth="380" frameHeight="369"/>
	<SubTexture name="BF NOTE DOWN0021" x="1641" y="0" width="376" height="369" frameX="0" frameY="0" frameWidth="380" frameHeight="369"/>
	<SubTexture name="BF NOTE DOWN0022" x="1641" y="0" width="376" height="369" frameX="0" frameY="0" frameWidth="380" frameHeight="369"/>
	<SubTexture name="BF NOTE DOWN0023" x="1641" y="0" width="376" height="369" frameX="0" frameY="0" frameWidth="380" frameHeight="369"/>
	<SubTexture name="BF NOTE DOWN0024" x="1641" y="0" width="376" height="369" frameX="0" frameY="0" frameWidth="380" frameHeight="369"/>
	<SubTexture name="BF NOTE DOWN0025" x="1641" y="0" width="376" height="369" frameX="0" frameY="0" frameWidth="380" frameHeight="369"/>
	<SubTexture name="BF NOTE DOWN0026" x="1641" y="0" width="376" height="369" frameX="0" frameY="0" frameWidth="380" frameHeight="369"/>
	<SubTexture name="BF NOTE DOWN0027" x="1641" y="0" width="376" height="369" frameX="0" frameY="0" frameWidth="380" frameHeight="369"/>
	<SubTexture name="BF NOTE DOWN0028" x="1641" y="0" width="376" height="369" frameX="0" frameY="0" frameWidth="380" frameHeight="369"/>
	<SubTexture name="BF NOTE DOWN0029" x="1641" y="0" width="376" height="369" frameX="0" frameY="0" frameWidth="380" frameHeight="369"/>
	<SubTexture name="BF NOTE DOWN MISS0000" x="2027" y="0" width="379" height="364" frameX="-1" frameY="-35" frameWidth="383" frameHeight="399"/>
	<SubTexture name="BF NOTE DOWN MISS0001" x="2416" y="0" width="381" height="399" frameX="-1" frameY="0" frameWidth="383" frameHeight="399"/>
	<SubTexture name="BF NOTE DOWN MISS0002" x="2416" y="0" width="381" height="399" frameX="-1" frameY="0" frameWidth="383" frameHeight="399"/>
	<SubTexture name="BF NOTE DOWN MISS0003" x="2807" y="0" width="383" height="395" frameX="0" frameY="-4" frameWidth="383" frameHeight="399"/>
	<SubTexture name="BF NOTE DOWN MISS0004" x="2807" y="0" width="383" height="395" frameX="0" frameY="-4" frameWidth="383" frameHeight="399"/>
	<SubTexture name="BF NOTE DOWN MISS0005" x="2807" y="0" width="383" height="395" frameX="0" frameY="-4" frameWidth="383" frameHeight="399"/>
	<SubTexture name="BF NOTE DOWN MISS0006" x="2807" y="0" width="383" height="395" frameX="0" frameY="-4" frameWidth="383" frameHeight="399"/>
	<SubTexture name="BF NOTE DOWN MISS0007" x="2807" y="0" width="383" height="395" frameX="0" frameY="-4" frameWidth="383" frameHeight="399"/>
	<SubTexture name="BF NOTE DOWN MISS0008" x="2807" y="0" width="383" height="395" frameX="0" frameY="-4" frameWidth="383" frameHeight="399"/>
	<SubTexture name="BF NOTE DOWN MISS0009" x="2807" y="0" width="383" height="395" frameX="0" frameY="-4" frameWidth="383" frameHeight="399"/>
	<SubTexture name="BF NOTE DOWN MISS0010" x="2807" y="0" width="383" height="395" frameX="0" frameY="-4" frameWidth="383" frameHeight="399"/>
	<SubTexture name="BF NOTE DOWN MISS0011" x="2807" y="0" width="383" height="395" frameX="0" frameY="-4" frameWidth="383" frameHeight="399"/>
	<SubTexture name="BF NOTE DOWN MISS0012" x="2807" y="0" width="383" height="395" frameX="0" frameY="-4" frameWidth="383" frameHeight="399"/>
	<SubTexture name="BF NOTE DOWN MISS0013" x="2807" y="0" width="383" height="395" frameX="0" frameY="-4" frameWidth="383" frameHeight="399"/>
	<SubTexture name="BF NOTE DOWN MISS0014" x="2807" y="0" width="383" height="395" frameX="0" frameY="-4" frameWidth="383" frameHeight="399"/>
	<SubTexture name="BF NOTE DOWN MISS0015" x="2807" y="0" width="383" height="395" frameX="0" frameY="-4" frameWidth="383" frameHeight="399"/>
	<SubTexture name="BF NOTE DOWN MISS0016" x="2807" y="0" width="383" height="395" frameX="0" frameY="-4" frameWidth="383" frameHeight="399"/>
	<SubTexture name="BF NOTE DOWN MISS0017" x="2807" y="0" width="383" height="395" frameX="0" frameY="-4" frameWidth="383" frameHeight="399"/>
	<SubTexture name="BF NOTE DOWN MISS0018" x="2807" y="0" width="383" height="395" frameX="0" frameY="-4" frameWidth="383" frameHeight="399"/>
	<SubTexture name="BF NOTE DOWN MISS0019" x="2807" y="0" width="383" height="395" frameX="0" frameY="-4" frameWidth="383" frameHeight="399"/>
	<SubTexture name="BF NOTE DOWN MISS0020" x="2807" y="0" width="383" height="395" frameX="0" frameY="-4" frameWidth="383" frameHeight="399"/>
	<SubTexture name="BF NOTE DOWN MISS0021" x="2807" y="0" width="383" height="395" frameX="0" frameY="-4" frameWidth="383" frameHeight="399"/>
	<SubTexture name="BF NOTE DOWN MISS0022" x="2807" y="0" width="383" height="395" frameX="0" frameY="-4" frameWidth="383" frameHeight="399"/>
	<SubTexture name="BF NOTE DOWN MISS0023" x="2807" y="0" width="383" height="395" frameX="0" frameY="-4" frameWidth="383" frameHeight="399"/>
	<SubTexture name="BF NOTE DOWN MISS0024" x="2807" y="0" width="383" height="395" frameX="0" frameY="-4" frameWidth="383" frameHeight="399"/>
	<SubTexture name="BF NOTE DOWN MISS0025" x="2807" y="0" width="383" height="395" frameX="0" frameY="-4" frameWidth="383" frameHeight="399"/>
	<SubTexture name="BF NOTE DOWN MISS0026" x="2807" y="0" width="383" height="395" frameX="0" frameY="-4" frameWidth="383" frameHeight="399"/>
	<SubTexture name="BF NOTE DOWN MISS0027" x="2807" y="0" width="383" height="395" frameX="0" frameY="-4" frameWidth="383" frameHeight="399"/>
	<SubTexture name="BF NOTE DOWN MISS0028" x="2807" y="0" width="383" height="395" frameX="0" frameY="-4" frameWidth="383" frameHeight="399"/>
	<SubTexture name="BF NOTE LEFT0000" x="3200" y="0" width="379" height="409" frameX="0" frameY="0" frameWidth="385" frameHeight="409"/>
	<SubTexture name="BF NOTE LEFT0001" x="3200" y="0" width="379" height="409" frameX="0" frameY="0" frameWidth="385" frameHeight="409"/>
	<SubTexture name="BF NOTE LEFT0002" x="3589" y="0" width="374" height="407" frameX="-11" frameY="-2" frameWidth="385" frameHeight="409"/>
	<SubTexture name="BF NOTE LEFT0003" x="3589" y="0" width="374" height="407" frameX="-11" frameY="-2" frameWidth="385" frameHeight="409"/>
	<SubTexture name="BF NOTE LEFT0004" x="3589" y="0" width="374" height="407" frameX="-11" frameY="-2" frameWidth="385" frameHeight="409"/>
	<SubTexture name="BF NOTE LEFT0005" x="3589" y="0" width="374" height="407" frameX="-11" frameY="-2" frameWidth="385" frameHeight="409"/>
	<SubTexture name="BF NOTE LEFT0006" x="3589" y="0" width="374" height="407" frameX="-11" frameY="-2" frameWidth="385" frameHeight="409"/>
	<SubTexture name="BF NOTE LEFT0007" x="3589" y="0" width="374" height="407" frameX="-11" frameY="-2" frameWidth="385" frameHeight="409"/>
	<SubTexture name="BF NOTE LEFT0008" x="3589" y="0" width="374" height="407" frameX="-11" frameY="-2" frameWidth="385" frameHeight="409"/>
	<SubTexture name="BF NOTE LEFT0009" x="3589" y="0" width="374" height="407" frameX="-11" frameY="-2" frameWidth="385" frameHeight="409"/>
	<SubTexture name="BF NOTE LEFT0010" x="3589" y="0" width="374" height="407" frameX="-11" frameY="-2" frameWidth="385" frameHeight="409"/>
	<SubTexture name="BF NOTE LEFT0011" x="3589" y="0" width="374" height="407" frameX="-11" frameY="-2" frameWidth="385" frameHeight="409"/>
	<SubTexture name="BF NOTE LEFT0012" x="3589" y="0" width="374" height="407" frameX="-11" frameY="-2" frameWidth="385" frameHeight="409"/>
	<SubTexture name="BF NOTE LEFT0013" x="3589" y="0" width="374" height="407" frameX="-11" frameY="-2" frameWidth="385" frameHeight="409"/>
	<SubTexture name="BF NOTE LEFT0014" x="3589" y="0" width="374" height="407" frameX="-11" frameY="-2" frameWidth="385" frameHeight="409"/>
	<SubTexture name="BF NOTE LEFT MISS0000" x="0" y="429" width="379" height="409" frameX="0" frameY="-26" frameWidth="387" frameHeight="435"/>
	<SubTexture name="BF NOTE LEFT MISS0001" x="389" y="429" width="370" height="432" frameX="-17" frameY="0" frameWidth="387" frameHeight="435"/>
	<SubTexture name="BF NOTE LEFT MISS0002" x="389" y="429" width="370" height="432" frameX="-17" frameY="0" frameWidth="387" frameHeight="435"/>
	<SubTexture name="BF NOTE LEFT MISS0003" x="769" y="429" width="371" height="432" frameX="-15" frameY="0" frameWidth="387" frameHeight="435"/>
	<SubTexture name="BF NOTE LEFT MISS0004" x="769" y="429" width="371" height="432" frameX="-15" frameY="0" frameWidth="387" frameHeight="435"/>
	<SubTexture name="BF NOTE LEFT MISS0005" x="769" y="429" width="371" height="432" frameX="-15" frameY="0" frameWidth="387" frameHeight="435"/>
	<SubTexture name="BF NOTE LEFT MISS0006" x="769" y="429" width="371" height="432" frameX="-15" frameY="0" frameWidth="387" frameHeight="435"/>
	<SubTexture name="BF NOTE LEFT MISS0007" x="769" y="429" width="371" height="432" frameX="-15" frameY="0" frameWidth="387" frameHeight="435"/>
	<SubTexture name="BF NOTE LEFT MISS0008" x="769" y="429" width="371" height="432" frameX="-15" frameY="0" frameWidth="387" frameHeight="435"/>
	<SubTexture name="BF NOTE LEFT MISS0009" x="769" y="429" width="371" height="432" frameX="-15" frameY="0" frameWidth="387" frameHeight="435"/>
	<SubTexture name="BF NOTE LEFT MISS0010" x="769" y="429" width="371" height="432" frameX="-15" frameY="0" frameWidth="387" frameHeight="435"/>
	<SubTexture name="BF NOTE LEFT MISS0011" x="769" y="429" width="371" height="432" frameX="-15" frameY="0" frameWidth="387" frameHeight="435"/>
	<SubTexture name="BF NOTE LEFT MISS0012" x="769" y="429" width="371" height="432" frameX="-15" frameY="0" frameWidth="387" frameHeight="435"/>
	<SubTexture name="BF NOTE LEFT MISS0013" x="769" y="429" width="371" height="432" frameX="-15" frameY="0" frameWidth="387" frameHeight="435"/>
	<SubTexture name="BF NOTE LEFT MISS0014" x="769" y="429" width="371" height="432" frameX="-15" frameY="0" frameWidth="387" frameHeight="435"/>
	<SubTexture name="BF NOTE LEFT MISS0015" x="769" y="429" width="371" height="432" frameX="-15" frameY="0" frameWidth="387" frameHeight="435"/>
	<SubTexture name="BF NOTE LEFT MISS0016" x="769" y="429" width="371" height="432" frameX="-15" frameY="0" frameWidth="387" frameHeight="435"/>
	<SubTexture name="BF NOTE LEFT MISS0017" x="769" y="429" width="371" height="432" frameX="-15" frameY="0" frameWidth="387" frameHeight="435"/>
	<SubTexture name="BF NOTE LEFT MISS0018" x="769" y="429" width="371" height="432" frameX="-15" frameY="0" frameWidth="387" frameHeight="435"/>
	<SubTexture name="BF NOTE LEFT MISS0019" x="769" y="429" width="371" height="432" frameX="-15" frameY="0" frameWidth="387" frameHeight="435"/>
	<SubTexture name="BF NOTE LEFT MISS0020" x="769" y="429" width="371" height="432" frameX="-15" frameY="0" frameWidth="387" frameHeight="435"/>
	<SubTexture name="BF NOTE LEFT MISS0021" x="769" y="429" width="371" height="432" frameX="-15" frameY="0" frameWidth="387" frameHeight="435"/>
	<SubTexture name="BF NOTE LEFT MISS0022" x="769" y="429" width="371" height="432" frameX="-15" frameY="0" frameWidth="387" frameHeight="435"/>
	<SubTexture name="BF NOTE LEFT MISS0023" x="769" y="429" width="371" height="432" frameX="-15" frameY="0" frameWidth="387" frameHeight="435"/>
	<SubTexture name="BF NOTE LEFT MISS0024" x="769" y="429" width="371" height="432" frameX="-15" frameY="0" frameWidth="387" frameHeight="435"/>
	<SubTexture name="BF NOTE LEFT MISS0025" x="769" y="429" width="371" height="432" frameX="-15" frameY="0" frameWidth="387" frameHeight="435"/>
	<SubTexture name="BF NOTE LEFT MISS0026" x="769" y="429" width="371" height="432" frameX="-15" frameY="0" frameWidth="387" frameHeight="435"/>
	<SubTexture name="BF NOTE LEFT MISS0027" x="769" y="429" width="371" height="432" frameX="-15" frameY="0" frameWidth="387" frameHeight="435"/>
	<SubTexture name="BF NOTE LEFT MISS0028" x="769" y="429" width="371" height="432" frameX="-15" frameY="0" frameWidth="387" frameHeight="435"/>
	<SubTexture name="BF NOTE LEFT MISS0029" x="769" y="429" width="371" height="432" frameX="-15" frameY="0" frameWidth="387" frameHeight="435"/>
	<SubTexture name="BF NOTE LEFT MISS0030" x="769" y="429" width="371" height="432" frameX="-15" frameY="0" frameWidth="387" frameHeight="435"/>
	<SubTexture name="BF NOTE LEFT MISS0031" x="769" y="429" width="371" height="432" frameX="-15" frameY="0" frameWidth="387" frameHeight="435"/>
	<SubTexture name="BF NOTE LEFT MISS0032" x="769" y="429" width="371" height="432" frameX="-15" frameY="0" frameWidth="387" frameHeight="435"/>
	<SubTexture name="BF NOTE LEFT MISS0033" x="769" y="429" width="371" height="432" frameX="-15" frameY="0" frameWidth="387" frameHeight="435"/>
	<SubTexture name="BF NOTE RIGHT0000" x="1150" y="429" width="403" height="408" frameX="-2" frameY="-2" frameWidth="405" frameHeight="410"/>
	<SubTexture name="BF NOTE RIGHT0001" x="1150" y="429" width="403" height="408" frameX="-2" frameY="-2" frameWidth="405" frameHeight="410"/>
	<SubTexture name="BF NOTE RIGHT0002" x="1563" y="429" width="404" height="410" frameX="0" frameY="0" frameWidth="405" frameHeight="410"/>
	<SubTexture name="BF NOTE RIGHT0003" x="1563" y="429" width="404" height="410" frameX="0" frameY="0" frameWidth="405" frameHeight="410"/>
	<SubTexture name="BF NOTE RIGHT0004" x="1563" y="429" width="404" height="410" frameX="0" frameY="0" frameWidth="405" frameHeight="410"/>
	<SubTexture name="BF NOTE RIGHT0005" x="1563" y="429" width="404" height="410" frameX="0" frameY="0" frameWidth="405" frameHeight="410"/>
	<SubTexture name="BF NOTE RIGHT0006" x="1563" y="429" width="404" height="410" frameX="0" frameY="0" frameWidth="405" frameHeight="410"/>
	<SubTexture name="BF NOTE RIGHT0007" x="1563" y="429" width="404" height="410" frameX="0" frameY="0" frameWidth="405" frameHeight="410"/>
	<SubTexture name="BF NOTE RIGHT0008" x="1563" y="429" width="404" height="410" frameX="0" frameY="0" frameWidth="405" frameHeight="410"/>
	<SubTexture name="BF NOTE RIGHT0009" x="1563" y="429" width="404" height="410" frameX="0" frameY="0" frameWidth="405" frameHeight="410"/>
	<SubTexture name="BF NOTE RIGHT0010" x="1563" y="429" width="404" height="410" frameX="0" frameY="0" frameWidth="405" frameHeight="410"/>
	<SubTexture name="BF NOTE RIGHT0011" x="1563" y="429" width="404" height="410" frameX="0" frameY="0" frameWidth="405" frameHeight="410"/>
	<SubTexture name="BF NOTE RIGHT0012" x="1563" y="429" width="404" height="410" frameX="0" frameY="0" frameWidth="405" frameHeight="410"/>
	<SubTexture name="BF NOTE RIGHT0013" x="1563" y="429" width="404" height="410" frameX="0" frameY="0" frameWidth="405" frameHeight="410"/>
	<SubTexture name="BF NOTE RIGHT0014" x="1563" y="429" width="404" height="410" frameX="0" frameY="0" frameWidth="405" frameHeight="410"/>
	<SubTexture name="BF NOTE RIGHT0015" x="1563" y="429" width="404" height="410" frameX="0" frameY="0" frameWidth="405" frameHeight="410"/>
	<SubTexture name="BF NOTE RIGHT0016" x="1563" y="429" width="404" height="410" frameX="0" frameY="0" frameWidth="405" frameHeight="410"/>
	<SubTexture name="BF NOTE RIGHT0017" x="1563" y="429" width="404" height="410" frameX="0" frameY="0" frameWidth="405" frameHeight="410"/>
	<SubTexture name="BF NOTE RIGHT0018" x="1563" y="429" width="404" height="410" frameX="0" frameY="0" frameWidth="405" frameHeight="410"/>
	<SubTexture name="BF NOTE RIGHT0019" x="1563" y="429" width="404" height="410" frameX="0" frameY="0" frameWidth="405" frameHeight="410"/>
	<SubTexture name="BF NOTE RIGHT0020" x="1563" y="429" width="404" height="410" frameX="0" frameY="0" frameWidth="405" frameHeight="410"/>
	<SubTexture name="BF NOTE RIGHT0021" x="1563" y="429" width="404" height="410" frameX="0" frameY="0" frameWidth="405" frameHeight="410"/>
	<SubTexture name="BF NOTE RIGHT0022" x="1563" y="429" width="404" height="410" frameX="0" frameY="0" frameWidth="405" frameHeight="410"/>
	<SubTexture name="BF NOTE RIGHT0023" x="1563" y="429" width="404" height="410" frameX="0" frameY="0" frameWidth="405" frameHeight="410"/>
	<SubTexture name="BF NOTE RIGHT0024" x="1563" y="429" width="404" height="410" frameX="0" frameY="0" frameWidth="405" frameHeight="410"/>
	<SubTexture name="BF NOTE RIGHT0025" x="1563" y="429" width="404" height="410" frameX="0" frameY="0" frameWidth="405" frameHeight="410"/>
	<SubTexture name="BF NOTE RIGHT0026" x="1563" y="429" width="404" height="410" frameX="0" frameY="0" frameWidth="405" frameHeight="410"/>
	<SubTexture name="BF NOTE RIGHT0027" x="1563" y="429" width="404" height="410" frameX="0" frameY="0" frameWidth="405" frameHeight="410"/>
	<SubTexture name="BF NOTE RIGHT0028" x="1563" y="429" width="404" height="410" frameX="0" frameY="0" frameWidth="405" frameHeight="410"/>
	<SubTexture name="BF NOTE RIGHT0029" x="1563" y="429" width="404" height="410" frameX="0" frameY="0" frameWidth="405" frameHeight="410"/>
	<SubTexture name="BF NOTE RIGHT0030" x="1563" y="429" width="404" height="410" frameX="0" frameY="0" frameWidth="405" frameHeight="410"/>
	<SubTexture name="BF NOTE RIGHT0031" x="1563" y="429" width="404" height="410" frameX="0" frameY="0" frameWidth="405" frameHeight="410"/>
	<SubTexture name="BF NOTE RIGHT0032" x="1563" y="429" width="404" height="410" frameX="0" frameY="0" frameWidth="405" frameHeight="410"/>
	<SubTexture name="BF NOTE RIGHT0033" x="1563" y="429" width="404" height="410" frameX="0" frameY="0" frameWidth="405" frameHeight="410"/>
	<SubTexture name="BF NOTE RIGHT0034" x="1563" y="429" width="404" height="410" frameX="0" frameY="0" frameWidth="405" frameHeight="410"/>
	<SubTexture name="BF NOTE RIGHT0035" x="1563" y="429" width="404" height="410" frameX="0" frameY="0" frameWidth="405" frameHeight="410"/>
	<SubTexture name="BF NOTE RIGHT0036" x="1563" y="429" width="404" height="410" frameX="0" frameY="0" frameWidth="405" frameHeight="410"/>
	<SubTexture name="BF NOTE RIGHT0037" x="1563" y="429" width="404" height="410" frameX="0" frameY="0" frameWidth="405" frameHeight="410"/>
	<SubTexture name="BF NOTE RIGHT0038" x="1563" y="429" width="404" height="410" frameX="0" frameY="0" frameWidth="405" frameHeight="410"/>
	<SubTexture name="BF NOTE RIGHT0039" x="1563" y="429" width="404" height="410" frameX="0" frameY="0" frameWidth="405" frameHeight="410"/>
	<SubTexture name="BF NOTE RIGHT0040" x="1563" y="429" width="404" height="410" frameX="0" frameY="0" frameWidth="405" frameHeight="410"/>
	<SubTexture name="BF NOTE RIGHT0041" x="1563" y="429" width="404" height="410" frameX="0" frameY="0" frameWidth="405" frameHeight="410"/>
	<SubTexture name="BF NOTE RIGHT0042" x="1563" y="429" width="404" height="410" frameX="0" frameY="0" frameWidth="405" frameHeight="410"/>
	<SubTexture name="BF NOTE RIGHT0043" x="1563" y="429" width="404" height="410" frameX="0" frameY="0" frameWidth="405" frameHeight="410"/>
	<SubTexture name="BF NOTE RIGHT0044" x="1563" y="429" width="404" height="410" frameX="0" frameY="0" frameWidth="405" frameHeight="410"/>
	<SubTexture name="BF NOTE RIGHT0045" x="1563" y="429" width="404" height="410" frameX="0" frameY="0" frameWidth="405" frameHeight="410"/>
	<SubTexture name="BF NOTE RIGHT0046" x="1563" y="429" width="404" height="410" frameX="0" frameY="0" frameWidth="405" frameHeight="410"/>
	<SubTexture name="BF NOTE RIGHT0047" x="1563" y="429" width="404" height="410" frameX="0" frameY="0" frameWidth="405" frameHeight="410"/>
	<SubTexture name="BF NOTE RIGHT0048" x="1563" y="429" width="404" height="410" frameX="0" frameY="0" frameWidth="405" frameHeight="410"/>
	<SubTexture name="BF NOTE RIGHT0049" x="1563" y="429" width="404" height="410" frameX="0" frameY="0" frameWidth="405" frameHeight="410"/>
	<SubTexture name="BF NOTE RIGHT0050" x="1563" y="429" width="404" height="410" frameX="0" frameY="0" frameWidth="405" frameHeight="410"/>
	<SubTexture name="BF NOTE RIGHT0051" x="1563" y="429" width="404" height="410" frameX="0" frameY="0" frameWidth="405" frameHeight="410"/>
	<SubTexture name="BF NOTE RIGHT0052" x="1563" y="429" width="404" height="410" frameX="0" frameY="0" frameWidth="405" frameHeight="410"/>
	<SubTexture name="BF NOTE RIGHT0053" x="1563" y="429" width="404" height="410" frameX="0" frameY="0" frameWidth="405" frameHeight="410"/>
	<SubTexture name="BF NOTE RIGHT0054" x="1563" y="429" width="404" height="410" frameX="0" frameY="0" frameWidth="405" frameHeight="410"/>
	<SubTexture name="BF NOTE RIGHT0055" x="1563" y="429" width="404" height="410" frameX="0" frameY="0" frameWidth="405" frameHeight="410"/>
	<SubTexture name="BF NOTE RIGHT0056" x="1563" y="429" width="404" height="410" frameX="0" frameY="0" frameWidth="405" frameHeight="410"/>
	<SubTexture name="BF NOTE RIGHT0057" x="1563" y="429" width="404" height="410" frameX="0" frameY="0" frameWidth="405" frameHeight="410"/>
	<SubTexture name="BF NOTE RIGHT0058" x="1563" y="429" width="404" height="410" frameX="0" frameY="0" frameWidth="405" frameHeight="410"/>
	<SubTexture name="BF NOTE RIGHT0059" x="1563" y="429" width="404" height="410" frameX="0" frameY="0" frameWidth="405" frameHeight="410"/>
	<SubTexture name="BF NOTE RIGHT0060" x="1563" y="429" width="404" height="410" frameX="0" frameY="0" frameWidth="405" frameHeight="410"/>
	<SubTexture name="BF NOTE RIGHT0061" x="1563" y="429" width="404" height="410" frameX="0" frameY="0" frameWidth="405" frameHeight="410"/>
	<SubTexture name="BF NOTE RIGHT MISS0000" x="1977" y="429" width="403" height="408" frameX="-13" frameY="-30" frameWidth="416" frameHeight="438"/>
	<SubTexture name="BF NOTE RIGHT MISS0001" x="2390" y="429" width="396" height="436" frameX="0" frameY="0" frameWidth="416" frameHeight="438"/>
	<SubTexture name="BF NOTE RIGHT MISS0002" x="2390" y="429" width="396" height="436" frameX="0" frameY="0" frameWidth="416" frameHeight="438"/>
	<SubTexture name="BF NOTE RIGHT MISS0003" x="2796" y="429" width="401" height="436" frameX="-1" frameY="0" frameWidth="416" frameHeight="438"/>
	<SubTexture name="BF NOTE RIGHT MISS0004" x="2796" y="429" width="401" height="436" frameX="-1" frameY="0" frameWidth="416" frameHeight="438"/>
	<SubTexture name="BF NOTE RIGHT MISS0005" x="2796" y="429" width="401" height="436" frameX="-1" frameY="0" frameWidth="416" frameHeight="438"/>
	<SubTexture name="BF NOTE RIGHT MISS0006" x="2796" y="429" width="401" height="436" frameX="-1" frameY="0" frameWidth="416" frameHeight="438"/>
	<SubTexture name="BF NOTE RIGHT MISS0007" x="2796" y="429" width="401" height="436" frameX="-1" frameY="0" frameWidth="416" frameHeight="438"/>
	<SubTexture name="BF NOTE RIGHT MISS0008" x="2796" y="429" width="401" height="436" frameX="-1" frameY="0" frameWidth="416" frameHeight="438"/>
	<SubTexture name="BF NOTE RIGHT MISS0009" x="2796" y="429" width="401" height="436" frameX="-1" frameY="0" frameWidth="416" frameHeight="438"/>
	<SubTexture name="BF NOTE RIGHT MISS0010" x="2796" y="429" width="401" height="436" frameX="-1" frameY="0" frameWidth="416" frameHeight="438"/>
	<SubTexture name="BF NOTE RIGHT MISS0011" x="2796" y="429" width="401" height="436" frameX="-1" frameY="0" frameWidth="416" frameHeight="438"/>
	<SubTexture name="BF NOTE RIGHT MISS0012" x="2796" y="429" width="401" height="436" frameX="-1" frameY="0" frameWidth="416" frameHeight="438"/>
	<SubTexture name="BF NOTE RIGHT MISS0013" x="2796" y="429" width="401" height="436" frameX="-1" frameY="0" frameWidth="416" frameHeight="438"/>
	<SubTexture name="BF NOTE RIGHT MISS0014" x="2796" y="429" width="401" height="436" frameX="-1" frameY="0" frameWidth="416" frameHeight="438"/>
	<SubTexture name="BF NOTE RIGHT MISS0015" x="2796" y="429" width="401" height="436" frameX="-1" frameY="0" frameWidth="416" frameHeight="438"/>
	<SubTexture name="BF NOTE RIGHT MISS0016" x="2796" y="429" width="401" height="436" frameX="-1" frameY="0" frameWidth="416" frameHeight="438"/>
	<SubTexture name="BF NOTE RIGHT MISS0017" x="2796" y="429" width="401" height="436" frameX="-1" frameY="0" frameWidth="416" frameHeight="438"/>
	<SubTexture name="BF NOTE RIGHT MISS0018" x="2796" y="429" width="401" height="436" frameX="-1" frameY="0" frameWidth="416" frameHeight="438"/>
	<SubTexture name="BF NOTE RIGHT MISS0019" x="2796" y="429" width="401" height="436" frameX="-1" frameY="0" frameWidth="416" frameHeight="438"/>
	<SubTexture name="BF NOTE RIGHT MISS0020" x="2796" y="429" width="401" height="436" frameX="-1" frameY="0" frameWidth="416" frameHeight="438"/>
	<SubTexture name="BF NOTE RIGHT MISS0021" x="2796" y="429" width="401" height="436" frameX="-1" frameY="0" frameWidth="416" frameHeight="438"/>
	<SubTexture name="BF NOTE RIGHT MISS0022" x="2796" y="429" width="401" height="436" frameX="-1" frameY="0" frameWidth="416" frameHeight="438"/>
	<SubTexture name="BF NOTE RIGHT MISS0023" x="2796" y="429" width="401" height="436" frameX="-1" frameY="0" frameWidth="416" frameHeight="438"/>
	<SubTexture name="BF NOTE RIGHT MISS0024" x="2796" y="429" width="401" height="436" frameX="-1" frameY="0" frameWidth="416" frameHeight="438"/>
	<SubTexture name="BF NOTE RIGHT MISS0025" x="2796" y="429" width="401" height="436" frameX="-1" frameY="0" frameWidth="416" frameHeight="438"/>
	<SubTexture name="BF NOTE RIGHT MISS0026" x="2796" y="429" width="401" height="436" frameX="-1" frameY="0" frameWidth="416" frameHeight="438"/>
	<SubTexture name="BF NOTE RIGHT MISS0027" x="2796" y="429" width="401" height="436" frameX="-1" frameY="0" frameWidth="416" frameHeight="438"/>
	<SubTexture name="BF NOTE RIGHT MISS0028" x="2796" y="429" width="401" height="436" frameX="-1" frameY="0" frameWidth="416" frameHeight="438"/>
	<SubTexture name="BF NOTE RIGHT MISS0029" x="2796" y="429" width="401" height="436" frameX="-1" frameY="0" frameWidth="416" frameHeight="438"/>
	<SubTexture name="BF NOTE RIGHT MISS0030" x="2796" y="429" width="401" height="436" frameX="-1" frameY="0" frameWidth="416" frameHeight="438"/>
	<SubTexture name="BF NOTE RIGHT MISS0031" x="2796" y="429" width="401" height="436" frameX="-1" frameY="0" frameWidth="416" frameHeight="438"/>
	<SubTexture name="BF NOTE RIGHT MISS0032" x="2796" y="429" width="401" height="436" frameX="-1" frameY="0" frameWidth="416" frameHeight="438"/>
	<SubTexture name="BF NOTE RIGHT MISS0033" x="2796" y="429" width="401" height="436" frameX="-1" frameY="0" frameWidth="416" frameHeight="438"/>
	<SubTexture name="BF NOTE RIGHT MISS0034" x="2796" y="429" width="401" height="436" frameX="-1" frameY="0" frameWidth="416" frameHeight="438"/>
	<SubTexture name="BF NOTE RIGHT MISS0035" x="2796" y="429" width="401" height="436" frameX="-1" frameY="0" frameWidth="416" frameHeight="438"/>
	<SubTexture name="BF NOTE RIGHT MISS0036" x="2796" y="429" width="401" height="436" frameX="-1" frameY="0" frameWidth="416" frameHeight="438"/>
	<SubTexture name="BF NOTE RIGHT MISS0037" x="2796" y="429" width="401" height="436" frameX="-1" frameY="0" frameWidth="416" frameHeight="438"/>
	<SubTexture name="BF NOTE RIGHT MISS0038" x="2796" y="429" width="401" height="436" frameX="-1" frameY="0" frameWidth="416" frameHeight="438"/>
	<SubTexture name="BF NOTE RIGHT MISS0039" x="2796" y="429" width="401" height="436" frameX="-1" frameY="0" frameWidth="416" frameHeight="438"/>
	<SubTexture name="BF NOTE RIGHT MISS0040" x="2796" y="429" width="401" height="436" frameX="-1" frameY="0" frameWidth="416" frameHeight="438"/>
	<SubTexture name="BF NOTE RIGHT MISS0041" x="2796" y="429" width="401" height="436" frameX="-1" frameY="0" frameWidth="416" frameHeight="438"/>
	<SubTexture name="BF NOTE RIGHT MISS0042" x="2796" y="429" width="401" height="436" frameX="-1" frameY="0" frameWidth="416" frameHeight="438"/>
	<SubTexture name="BF NOTE RIGHT MISS0043" x="2796" y="429" width="401" height="436" frameX="-1" frameY="0" frameWidth="416" frameHeight="438"/>
	<SubTexture name="BF NOTE RIGHT MISS0044" x="2796" y="429" width="401" height="436" frameX="-1" frameY="0" frameWidth="416" frameHeight="438"/>
	<SubTexture name="BF NOTE RIGHT MISS0045" x="2796" y="429" width="401" height="436" frameX="-1" frameY="0" frameWidth="416" frameHeight="438"/>
	<SubTexture name="BF NOTE UP0000" x="3207" y="429" width="368" height="447" frameX="-6" frameY="0" frameWidth="376" frameHeight="447"/>
	<SubTexture name="BF NOTE UP0001" x="3207" y="429" width="368" height="447" frameX="-6" frameY="0" frameWidth="376" frameHeight="447"/>
	<SubTexture name="BF NOTE UP0002" x="3585" y="429" width="376" height="442" frameX="0" frameY="-5" frameWidth="376" frameHeight="447"/>
	<SubTexture name="BF NOTE UP0003" x="3585" y="429" width="376" height="442" frameX="0" frameY="-5" frameWidth="376" frameHeight="447"/>
	<SubTexture name="BF NOTE UP0004" x="3585" y="429" width="376" height="442" frameX="0" frameY="-5" frameWidth="376" frameHeight="447"/>
	<SubTexture name="BF NOTE UP0005" x="3585" y="429" width="376" height="442" frameX="0" frameY="-5" frameWidth="376" frameHeight="447"/>
	<SubTexture name="BF NOTE UP0006" x="3585" y="429" width="376" height="442" frameX="0" frameY="-5" frameWidth="376" frameHeight="447"/>
	<SubTexture name="BF NOTE UP0007" x="3585" y="429" width="376" height="442" frameX="0" frameY="-5" frameWidth="376" frameHeight="447"/>
	<SubTexture name="BF NOTE UP0008" x="3585" y="429" width="376" height="442" frameX="0" frameY="-5" frameWidth="376" frameHeight="447"/>
	<SubTexture name="BF NOTE UP0009" x="3585" y="429" width="376" height="442" frameX="0" frameY="-5" frameWidth="376" frameHeight="447"/>
	<SubTexture name="BF NOTE UP0010" x="3585" y="429" width="376" height="442" frameX="0" frameY="-5" frameWidth="376" frameHeight="447"/>
	<SubTexture name="BF NOTE UP0011" x="3585" y="429" width="376" height="442" frameX="0" frameY="-5" frameWidth="376" frameHeight="447"/>
	<SubTexture name="BF NOTE UP0012" x="3585" y="429" width="376" height="442" frameX="0" frameY="-5" frameWidth="376" frameHeight="447"/>
	<SubTexture name="BF NOTE UP0013" x="3585" y="429" width="376" height="442" frameX="0" frameY="-5" frameWidth="376" frameHeight="447"/>
	<SubTexture name="BF NOTE UP0014" x="3585" y="429" width="376" height="442" frameX="0" frameY="-5" frameWidth="376" frameHeight="447"/>
	<SubTexture name="BF NOTE UP MISS0000" x="0" y="886" width="368" height="447" frameX="-12" frameY="0" frameWidth="380" frameHeight="447"/>
	<SubTexture name="BF NOTE UP MISS0001" x="378" y="886" width="362" height="430" frameX="0" frameY="-13" frameWidth="380" frameHeight="447"/>
	<SubTexture name="BF NOTE UP MISS0002" x="378" y="886" width="362" height="430" frameX="0" frameY="-13" frameWidth="380" frameHeight="447"/>
	<SubTexture name="BF NOTE UP MISS0003" x="750" y="886" width="359" height="433" frameX="-1" frameY="-10" frameWidth="380" frameHeight="447"/>
	<SubTexture name="BF NOTE UP MISS0004" x="750" y="886" width="359" height="433" frameX="-1" frameY="-10" frameWidth="380" frameHeight="447"/>
	<SubTexture name="BF NOTE UP MISS0005" x="750" y="886" width="359" height="433" frameX="-1" frameY="-10" frameWidth="380" frameHeight="447"/>
	<SubTexture name="BF NOTE UP MISS0006" x="750" y="886" width="359" height="433" frameX="-1" frameY="-10" frameWidth="380" frameHeight="447"/>
	<SubTexture name="BF NOTE UP MISS0007" x="750" y="886" width="359" height="433" frameX="-1" frameY="-10" frameWidth="380" frameHeight="447"/>
	<SubTexture name="BF NOTE UP MISS0008" x="750" y="886" width="359" height="433" frameX="-1" frameY="-10" frameWidth="380" frameHeight="447"/>
	<SubTexture name="BF NOTE UP MISS0009" x="750" y="886" width="359" height="433" frameX="-1" frameY="-10" frameWidth="380" frameHeight="447"/>
	<SubTexture name="BF NOTE UP MISS0010" x="750" y="886" width="359" height="433" frameX="-1" frameY="-10" frameWidth="380" frameHeight="447"/>
	<SubTexture name="BF NOTE UP MISS0011" x="750" y="886" width="359" height="433" frameX="-1" frameY="-10" frameWidth="380" frameHeight="447"/>
	<SubTexture name="BF NOTE UP MISS0012" x="750" y="886" width="359" height="433" frameX="-1" frameY="-10" frameWidth="380" frameHeight="447"/>
	<SubTexture name="BF NOTE UP MISS0013" x="750" y="886" width="359" height="433" frameX="-1" frameY="-10" frameWidth="380" frameHeight="447"/>
	<SubTexture name="BF NOTE UP MISS0014" x="750" y="886" width="359" height="433" frameX="-1" frameY="-10" frameWidth="380" frameHeight="447"/>
	<SubTexture name="BF NOTE UP MISS0015" x="750" y="886" width="359" height="433" frameX="-1" frameY="-10" frameWidth="380" frameHeight="447"/>
	<SubTexture name="BF NOTE UP MISS0016" x="750" y="886" width="359" height="433" frameX="-1" frameY="-10" frameWidth="380" frameHeight="447"/>
	<SubTexture name="BF NOTE UP MISS0017" x="750" y="886" width="359" height="433" frameX="-1" frameY="-10" frameWidth="380" frameHeight="447"/>
	<SubTexture name="BF NOTE UP MISS0018" x="750" y="886" width="359" height="433" frameX="-1" frameY="-10" frameWidth="380" frameHeight="447"/>
	<SubTexture name="BF NOTE UP MISS0019" x="750" y="886" width="359" height="433" frameX="-1" frameY="-10" frameWidth="380" frameHeight="447"/>
	<SubTexture name="BF NOTE UP MISS0020" x="750" y="886" width="359" height="433" frameX="-1" frameY="-10" frameWidth="380" frameHeight="447"/>
	<SubTexture name="BF NOTE UP MISS0021" x="750" y="886" width="359" height="433" frameX="-1" frameY="-10" frameWidth="380" frameHeight="447"/>
	<SubTexture name="BF NOTE UP MISS0022" x="750" y="886" width="359" height="433" frameX="-1" frameY="-10" frameWidth="380" frameHeight="447"/>
	<SubTexture name="BF NOTE UP MISS0023" x="750" y="886" width="359" height="433" frameX="-1" frameY="-10" frameWidth="380" frameHeight="447"/>
	<SubTexture name="BF idle dance0000" x="1119" y="886" width="406" height="395" frameX="-1" frameY="-20" frameWidth="411" frameHeight="416"/>
	<SubTexture name="BF idle dance0001" x="1119" y="886" width="406" height="395" frameX="-1" frameY="-20" frameWidth="411" frameHeight="416"/>
	<SubTexture name="BF idle dance0002" x="1535" y="886" width="408" height="397" frameX="0" frameY="-19" frameWidth="411" frameHeight="416"/>
	<SubTexture name="BF idle dance0003" x="1535" y="886" width="408" height="397" frameX="0" frameY="-19" frameWidth="411" frameHeight="416"/>
	<SubTexture name="BF idle dance0004" x="1953" y="886" width="405" height="402" frameX="-3" frameY="-14" frameWidth="411" frameHeight="416"/>
	<SubTexture name="BF idle dance0005" x="1953" y="886" width="405" height="402" frameX="-3" frameY="-14" frameWidth="411" frameHeight="416"/>
	<SubTexture name="BF idle dance0006" x="2368" y="886" width="410" height="415" frameX="-1" frameY="-1" frameWidth="411" frameHeight="416"/>
	<SubTexture name="BF idle dance0007" x="2368" y="886" width="410" height="415" frameX="-1" frameY="-1" frameWidth="411" frameHeight="416"/>
	<SubTexture name="BF idle dance0008" x="2788" y="886" width="408" height="416" frameX="-2" frameY="0" frameWidth="411" frameHeight="416"/>
	<SubTexture name="BF idle dance0009" x="2788" y="886" width="408" height="416" frameX="-2" frameY="0" frameWidth="411" frameHeight="416"/>
	<SubTexture name="BF idle dance0010" x="2788" y="886" width="408" height="416" frameX="-2" frameY="0" frameWidth="411" frameHeight="416"/>
	<SubTexture name="BF idle dance0011" x="2788" y="886" width="408" height="416" frameX="-2" frameY="0" frameWidth="411" frameHeight="416"/>
	<SubTexture name="BF idle dance0012" x="2788" y="886" width="408" height="416" frameX="-2" frameY="0" frameWidth="411" frameHeight="416"/>
	<SubTexture name="BF idle dance0013" x="2788" y="886" width="408" height="416" frameX="-2" frameY="0" frameWidth="411" frameHeight="416"/>
</TextureAtlas>
