﻿<?xml version="1.0" encoding="utf-8"?>
<TextureAtlas imagePath="bfPixelsDEAD.png">
	<!-- Created with Adobe Animate version 20.0.0.17400 -->
	<!-- http://www.adobe.com/products/animate.html -->
	<SubTexture name="BF Dies pixel0000" x="0" y="0" width="90" height="81"/>
	<SubTexture name="BF Dies pixel0001" x="100" y="0" width="90" height="81"/>
	<SubTexture name="BF Dies pixel0002" x="200" y="0" width="90" height="81"/>
	<SubTexture name="BF Dies pixel0003" x="300" y="0" width="90" height="81"/>
	<SubTexture name="BF Dies pixel0004" x="300" y="0" width="90" height="81"/>
	<SubTexture name="BF Dies pixel0005" x="400" y="0" width="90" height="81"/>
	<SubTexture name="BF Dies pixel0006" x="400" y="0" width="90" height="81"/>
	<SubTexture name="BF Dies pixel0007" x="500" y="0" width="90" height="81"/>
	<SubTexture name="BF Dies pixel0008" x="500" y="0" width="90" height="81"/>
	<SubTexture name="BF Dies pixel0009" x="500" y="0" width="90" height="81"/>
	<SubTexture name="BF Dies pixel0010" x="500" y="0" width="90" height="81"/>
	<SubTexture name="BF Dies pixel0011" x="500" y="0" width="90" height="81"/>
	<SubTexture name="BF Dies pixel0012" x="500" y="0" width="90" height="81"/>
	<SubTexture name="BF Dies pixel0013" x="500" y="0" width="90" height="81"/>
	<SubTexture name="BF Dies pixel0014" x="500" y="0" width="90" height="81"/>
	<SubTexture name="BF Dies pixel0015" x="500" y="0" width="90" height="81"/>
	<SubTexture name="BF Dies pixel0016" x="600" y="0" width="90" height="81"/>
	<SubTexture name="BF Dies pixel0017" x="600" y="0" width="90" height="81"/>
	<SubTexture name="BF Dies pixel0018" x="600" y="0" width="90" height="81"/>
	<SubTexture name="BF Dies pixel0019" x="700" y="0" width="90" height="81"/>
	<SubTexture name="BF Dies pixel0020" x="700" y="0" width="90" height="81"/>
	<SubTexture name="BF Dies pixel0021" x="700" y="0" width="90" height="81"/>
	<SubTexture name="BF Dies pixel0022" x="800" y="0" width="90" height="81"/>
	<SubTexture name="BF Dies pixel0023" x="800" y="0" width="90" height="81"/>
	<SubTexture name="BF Dies pixel0024" x="900" y="0" width="90" height="81"/>
	<SubTexture name="BF Dies pixel0025" x="0" y="91" width="90" height="81"/>
	<SubTexture name="BF Dies pixel0026" x="0" y="91" width="90" height="81"/>
	<SubTexture name="BF Dies pixel0027" x="100" y="91" width="90" height="81"/>
	<SubTexture name="BF Dies pixel0028" x="100" y="91" width="90" height="81"/>
	<SubTexture name="BF Dies pixel0029" x="200" y="91" width="90" height="81"/>
	<SubTexture name="BF Dies pixel0030" x="200" y="91" width="90" height="81"/>
	<SubTexture name="BF Dies pixel0031" x="300" y="91" width="90" height="81"/>
	<SubTexture name="BF Dies pixel0032" x="300" y="91" width="90" height="81"/>
	<SubTexture name="BF Dies pixel0033" x="300" y="91" width="90" height="81"/>
	<SubTexture name="BF Dies pixel0034" x="400" y="91" width="90" height="81"/>
	<SubTexture name="BF Dies pixel0035" x="500" y="91" width="90" height="81"/>
	<SubTexture name="BF Dies pixel0036" x="600" y="91" width="90" height="81"/>
	<SubTexture name="BF Dies pixel0037" x="700" y="91" width="90" height="81"/>
	<SubTexture name="BF Dies pixel0038" x="800" y="91" width="90" height="81"/>
	<SubTexture name="BF Dies pixel0039" x="900" y="91" width="90" height="81"/>
	<SubTexture name="BF Dies pixel0040" x="0" y="182" width="90" height="81"/>
	<SubTexture name="BF Dies pixel0041" x="100" y="182" width="90" height="81"/>
	<SubTexture name="BF Dies pixel0042" x="200" y="182" width="90" height="81"/>
	<SubTexture name="BF Dies pixel0043" x="300" y="182" width="90" height="81"/>
	<SubTexture name="BF Dies pixel0044" x="400" y="182" width="90" height="81"/>
	<SubTexture name="BF Dies pixel0045" x="500" y="182" width="90" height="81"/>
	<SubTexture name="BF Dies pixel0046" x="600" y="182" width="90" height="81"/>
	<SubTexture name="BF Dies pixel0047" x="700" y="182" width="90" height="81"/>
	<SubTexture name="BF Dies pixel0048" x="800" y="182" width="90" height="81"/>
	<SubTexture name="BF Dies pixel0049" x="900" y="182" width="90" height="81"/>
	<SubTexture name="BF Dies pixel0050" x="0" y="273" width="90" height="81"/>
	<SubTexture name="BF Dies pixel0051" x="100" y="273" width="90" height="81"/>
	<SubTexture name="BF Dies pixel0052" x="200" y="273" width="90" height="81"/>
	<SubTexture name="BF Dies pixel0053" x="300" y="273" width="90" height="81"/>
	<SubTexture name="BF Dies pixel0054" x="400" y="273" width="90" height="81"/>
	<SubTexture name="BF Dies pixel0055" x="500" y="273" width="90" height="81"/>
	<SubTexture name="BF Dies pixel0056" x="696" y="450" width="77" height="76"/>
	<SubTexture name="BF Dies pixel0057" x="696" y="450" width="77" height="76"/>
	<SubTexture name="RETRY CONFIRM0000" x="600" y="273" width="77" height="76"/>
	<SubTexture name="RETRY CONFIRM0001" x="687" y="273" width="77" height="76"/>
	<SubTexture name="RETRY CONFIRM0002" x="687" y="273" width="77" height="76"/>
	<SubTexture name="RETRY CONFIRM0003" x="774" y="273" width="77" height="76"/>
	<SubTexture name="RETRY CONFIRM0004" x="774" y="273" width="77" height="76"/>
	<SubTexture name="RETRY CONFIRM0005" x="861" y="273" width="77" height="76"/>
	<SubTexture name="RETRY CONFIRM0006" x="861" y="273" width="77" height="76"/>
	<SubTexture name="RETRY CONFIRM0007" x="0" y="364" width="77" height="76"/>
	<SubTexture name="RETRY CONFIRM0008" x="87" y="364" width="77" height="76"/>
	<SubTexture name="RETRY CONFIRM0009" x="174" y="364" width="77" height="76"/>
	<SubTexture name="RETRY CONFIRM0010" x="261" y="364" width="77" height="76"/>
	<SubTexture name="RETRY CONFIRM0011" x="348" y="364" width="77" height="76"/>
	<SubTexture name="RETRY CONFIRM0012" x="435" y="364" width="77" height="76"/>
	<SubTexture name="RETRY CONFIRM0013" x="522" y="364" width="77" height="76"/>
	<SubTexture name="RETRY CONFIRM0014" x="609" y="364" width="77" height="76"/>
	<SubTexture name="RETRY CONFIRM0015" x="696" y="364" width="77" height="76"/>
	<SubTexture name="RETRY CONFIRM0016" x="783" y="364" width="77" height="76"/>
	<SubTexture name="RETRY CONFIRM0017" x="870" y="364" width="77" height="76"/>
	<SubTexture name="RETRY CONFIRM0018" x="0" y="450" width="77" height="76"/>
	<SubTexture name="RETRY CONFIRM0019" x="87" y="450" width="77" height="76"/>
	<SubTexture name="RETRY CONFIRM0020" x="174" y="450" width="77" height="76"/>
	<SubTexture name="RETRY CONFIRM0021" x="261" y="450" width="77" height="76"/>
	<SubTexture name="RETRY CONFIRM0022" x="348" y="450" width="77" height="76"/>
	<SubTexture name="RETRY CONFIRM0023" x="435" y="450" width="77" height="76"/>
	<SubTexture name="RETRY CONFIRM0024" x="522" y="450" width="77" height="76"/>
	<SubTexture name="RETRY CONFIRM0025" x="609" y="450" width="77" height="76"/>
	<SubTexture name="RETRY CONFIRM0026" x="696" y="450" width="77" height="76"/>
	<SubTexture name="RETRY CONFIRM0027" x="696" y="450" width="77" height="76"/>
	<SubTexture name="RETRY CONFIRM0028" x="696" y="450" width="77" height="76"/>
	<SubTexture name="RETRY CONFIRM0029" x="696" y="450" width="77" height="76"/>
	<SubTexture name="RETRY CONFIRM0030" x="696" y="450" width="77" height="76"/>
	<SubTexture name="RETRY CONFIRM0031" x="696" y="450" width="77" height="76"/>
	<SubTexture name="RETRY CONFIRM0032" x="696" y="450" width="77" height="76"/>
	<SubTexture name="RETRY CONFIRM0033" x="696" y="450" width="77" height="76"/>
	<SubTexture name="Retry Loop0000" x="783" y="450" width="77" height="76"/>
	<SubTexture name="Retry Loop0001" x="870" y="450" width="77" height="76"/>
	<SubTexture name="Retry Loop0002" x="870" y="450" width="77" height="76"/>
	<SubTexture name="Retry Loop0003" x="0" y="536" width="77" height="76"/>
	<SubTexture name="Retry Loop0004" x="0" y="536" width="77" height="76"/>
	<SubTexture name="Retry Loop0005" x="696" y="450" width="77" height="76"/>
	<SubTexture name="Retry Loop0006" x="696" y="450" width="77" height="76"/>
	<SubTexture name="Retry Loop0007" x="87" y="536" width="77" height="76"/>
	<SubTexture name="Retry Loop0008" x="696" y="450" width="77" height="76"/>
	<SubTexture name="Retry Loop0009" x="696" y="450" width="77" height="76"/>
	<SubTexture name="Retry Loop0010" x="696" y="450" width="77" height="76"/>
	<SubTexture name="Retry Loop0011" x="696" y="450" width="77" height="76"/>
	<SubTexture name="Retry Loop0012" x="696" y="450" width="77" height="76"/>
	<SubTexture name="Retry Loop0013" x="696" y="450" width="77" height="76"/>
	<SubTexture name="Retry Loop0014" x="696" y="450" width="77" height="76"/>
	<SubTexture name="Retry Loop0015" x="696" y="450" width="77" height="76"/>
	<SubTexture name="Retry Loop0016" x="696" y="450" width="77" height="76"/>
	<SubTexture name="Retry Loop0017" x="783" y="450" width="77" height="76"/>
	<SubTexture name="Retry Loop0018" x="870" y="450" width="77" height="76"/>
	<SubTexture name="Retry Loop0019" x="870" y="450" width="77" height="76"/>
	<SubTexture name="Retry Loop0020" x="0" y="536" width="77" height="76"/>
	<SubTexture name="Retry Loop0021" x="0" y="536" width="77" height="76"/>
	<SubTexture name="Retry Loop0022" x="696" y="450" width="77" height="76"/>
	<SubTexture name="Retry Loop0023" x="696" y="450" width="77" height="76"/>
	<SubTexture name="Retry Loop0024" x="696" y="450" width="77" height="76"/>
	<SubTexture name="Retry Loop0025" x="696" y="450" width="77" height="76"/>
	<SubTexture name="Retry Loop0026" x="696" y="450" width="77" height="76"/>
	<SubTexture name="Retry Loop0027" x="696" y="450" width="77" height="76"/>
	<SubTexture name="Retry Loop0028" x="696" y="450" width="77" height="76"/>
	<SubTexture name="Retry Loop0029" x="696" y="450" width="77" height="76"/>
	<SubTexture name="Retry Loop0030" x="87" y="536" width="77" height="76"/>
	<SubTexture name="Retry Loop0031" x="696" y="450" width="77" height="76"/>
	<SubTexture name="Retry Loop0032" x="696" y="450" width="77" height="76"/>
	<SubTexture name="Retry Loop0033" x="696" y="450" width="77" height="76"/>
</TextureAtlas>
