﻿<?xml version="1.0" encoding="utf-8"?>
<TextureAtlas imagePath="mom_dad_christmas_assets.png">
	<!-- Created with Adobe Animate version 20.0.0.17400 -->
	<!-- http://www.adobe.com/products/animate.html -->
	<SubTexture name="Parent Christmas Idle0000" x="0" y="0" width="873" height="777" frameX="-6" frameY="-5" frameWidth="884" frameHeight="782"/>
	<SubTexture name="Parent Christmas Idle0001" x="0" y="0" width="873" height="777" frameX="-6" frameY="-5" frameWidth="884" frameHeight="782"/>
	<SubTexture name="Parent Christmas Idle0002" x="883" y="0" width="876" height="760" frameX="0" frameY="-22" frameWidth="884" frameHeight="782"/>
	<SubTexture name="Parent Christmas Idle0003" x="883" y="0" width="876" height="760" frameX="0" frameY="-22" frameWidth="884" frameHeight="782"/>
	<SubTexture name="Parent Christmas Idle0004" x="1769" y="0" width="877" height="766" frameX="-5" frameY="-16" frameWidth="884" frameHeight="782"/>
	<SubTexture name="Parent Christmas Idle0005" x="1769" y="0" width="877" height="766" frameX="-5" frameY="-16" frameWidth="884" frameHeight="782"/>
	<SubTexture name="Parent Christmas Idle0006" x="2656" y="0" width="866" height="777" frameX="-18" frameY="-5" frameWidth="884" frameHeight="782"/>
	<SubTexture name="Parent Christmas Idle0007" x="2656" y="0" width="866" height="777" frameX="-18" frameY="-5" frameWidth="884" frameHeight="782"/>
	<SubTexture name="Parent Christmas Idle0008" x="3532" y="0" width="865" height="781" frameX="-19" frameY="-1" frameWidth="884" frameHeight="782"/>
	<SubTexture name="Parent Christmas Idle0009" x="3532" y="0" width="865" height="781" frameX="-19" frameY="-1" frameWidth="884" frameHeight="782"/>
	<SubTexture name="Parent Christmas Idle0010" x="4407" y="0" width="865" height="782" frameX="-19" frameY="0" frameWidth="884" frameHeight="782"/>
	<SubTexture name="Parent Christmas Idle0011" x="4407" y="0" width="865" height="782" frameX="-19" frameY="0" frameWidth="884" frameHeight="782"/>
	<SubTexture name="Parent Christmas Idle0012" x="5282" y="0" width="865" height="782" frameX="-19" frameY="0" frameWidth="884" frameHeight="782"/>
	<SubTexture name="Parent Christmas Idle0013" x="5282" y="0" width="865" height="782" frameX="-19" frameY="0" frameWidth="884" frameHeight="782"/>
	<SubTexture name="Parent Down Note Dad0000" x="6157" y="0" width="844" height="753" frameX="-9" frameY="-5" frameWidth="853" frameHeight="758"/>
	<SubTexture name="Parent Down Note Dad0001" x="7011" y="0" width="844" height="753" frameX="-9" frameY="-5" frameWidth="853" frameHeight="758"/>
	<SubTexture name="Parent Down Note Dad0002" x="0" y="792" width="850" height="750" frameX="0" frameY="-8" frameWidth="853" frameHeight="758"/>
	<SubTexture name="Parent Down Note Dad0003" x="860" y="792" width="850" height="750" frameX="0" frameY="-8" frameWidth="853" frameHeight="758"/>
	<SubTexture name="Parent Down Note Dad0004" x="1720" y="792" width="850" height="758" frameX="0" frameY="0" frameWidth="853" frameHeight="758"/>
	<SubTexture name="Parent Down Note Dad0005" x="2580" y="792" width="850" height="758" frameX="0" frameY="0" frameWidth="853" frameHeight="758"/>
	<SubTexture name="Parent Down Note Dad0006" x="2580" y="792" width="850" height="758" frameX="0" frameY="0" frameWidth="853" frameHeight="758"/>
	<SubTexture name="Parent Down Note Dad0007" x="1720" y="792" width="850" height="758" frameX="0" frameY="0" frameWidth="853" frameHeight="758"/>
	<SubTexture name="Parent Down Note Dad0008" x="1720" y="792" width="850" height="758" frameX="0" frameY="0" frameWidth="853" frameHeight="758"/>
	<SubTexture name="Parent Down Note Dad0009" x="2580" y="792" width="850" height="758" frameX="0" frameY="0" frameWidth="853" frameHeight="758"/>
	<SubTexture name="Parent Down Note Dad0010" x="2580" y="792" width="850" height="758" frameX="0" frameY="0" frameWidth="853" frameHeight="758"/>
	<SubTexture name="Parent Down Note Dad0011" x="1720" y="792" width="850" height="758" frameX="0" frameY="0" frameWidth="853" frameHeight="758"/>
	<SubTexture name="Parent Down Note Dad0012" x="1720" y="792" width="850" height="758" frameX="0" frameY="0" frameWidth="853" frameHeight="758"/>
	<SubTexture name="Parent Down Note Dad0013" x="2580" y="792" width="850" height="758" frameX="0" frameY="0" frameWidth="853" frameHeight="758"/>
	<SubTexture name="Parent Down Note Dad0014" x="2580" y="792" width="850" height="758" frameX="0" frameY="0" frameWidth="853" frameHeight="758"/>
	<SubTexture name="Parent Down Note Mom0000" x="3440" y="792" width="844" height="752" frameX="-9" frameY="-6" frameWidth="853" frameHeight="758"/>
	<SubTexture name="Parent Down Note Mom0001" x="4294" y="792" width="844" height="752" frameX="-9" frameY="-6" frameWidth="853" frameHeight="758"/>
	<SubTexture name="Parent Down Note Mom0002" x="5148" y="792" width="850" height="753" frameX="0" frameY="-5" frameWidth="853" frameHeight="758"/>
	<SubTexture name="Parent Down Note Mom0003" x="6008" y="792" width="850" height="753" frameX="0" frameY="-5" frameWidth="853" frameHeight="758"/>
	<SubTexture name="Parent Down Note Mom0004" x="6868" y="792" width="850" height="758" frameX="0" frameY="0" frameWidth="853" frameHeight="758"/>
	<SubTexture name="Parent Down Note Mom0005" x="0" y="1560" width="850" height="758" frameX="0" frameY="0" frameWidth="853" frameHeight="758"/>
	<SubTexture name="Parent Down Note Mom0006" x="860" y="1560" width="850" height="758" frameX="0" frameY="0" frameWidth="853" frameHeight="758"/>
	<SubTexture name="Parent Down Note Mom0007" x="1720" y="1560" width="850" height="758" frameX="0" frameY="0" frameWidth="853" frameHeight="758"/>
	<SubTexture name="Parent Down Note Mom0008" x="6868" y="792" width="850" height="758" frameX="0" frameY="0" frameWidth="853" frameHeight="758"/>
	<SubTexture name="Parent Down Note Mom0009" x="0" y="1560" width="850" height="758" frameX="0" frameY="0" frameWidth="853" frameHeight="758"/>
	<SubTexture name="Parent Down Note Mom0010" x="860" y="1560" width="850" height="758" frameX="0" frameY="0" frameWidth="853" frameHeight="758"/>
	<SubTexture name="Parent Down Note Mom0011" x="1720" y="1560" width="850" height="758" frameX="0" frameY="0" frameWidth="853" frameHeight="758"/>
	<SubTexture name="Parent Down Note Mom0012" x="6868" y="792" width="850" height="758" frameX="0" frameY="0" frameWidth="853" frameHeight="758"/>
	<SubTexture name="Parent Down Note Mom0013" x="0" y="1560" width="850" height="758" frameX="0" frameY="0" frameWidth="853" frameHeight="758"/>
	<SubTexture name="Parent Down Note Mom0014" x="860" y="1560" width="850" height="758" frameX="0" frameY="0" frameWidth="853" frameHeight="758"/>
	<SubTexture name="Parent Left Note Dad0000" x="2580" y="1560" width="784" height="801" frameX="-7" frameY="0" frameWidth="796" frameHeight="801"/>
	<SubTexture name="Parent Left Note Dad0001" x="3374" y="1560" width="784" height="801" frameX="-7" frameY="0" frameWidth="796" frameHeight="801"/>
	<SubTexture name="Parent Left Note Dad0002" x="4168" y="1560" width="796" height="791" frameX="0" frameY="-10" frameWidth="796" frameHeight="801"/>
	<SubTexture name="Parent Left Note Dad0003" x="4974" y="1560" width="796" height="791" frameX="0" frameY="-10" frameWidth="796" frameHeight="801"/>
	<SubTexture name="Parent Left Note Dad0004" x="5780" y="1560" width="796" height="799" frameX="0" frameY="-2" frameWidth="796" frameHeight="801"/>
	<SubTexture name="Parent Left Note Dad0005" x="6586" y="1560" width="796" height="799" frameX="0" frameY="-2" frameWidth="796" frameHeight="801"/>
	<SubTexture name="Parent Left Note Dad0006" x="7392" y="1560" width="796" height="799" frameX="0" frameY="-2" frameWidth="796" frameHeight="801"/>
	<SubTexture name="Parent Left Note Dad0007" x="0" y="2371" width="796" height="799" frameX="0" frameY="-2" frameWidth="796" frameHeight="801"/>
	<SubTexture name="Parent Left Note Dad0008" x="5780" y="1560" width="796" height="799" frameX="0" frameY="-2" frameWidth="796" frameHeight="801"/>
	<SubTexture name="Parent Left Note Dad0009" x="6586" y="1560" width="796" height="799" frameX="0" frameY="-2" frameWidth="796" frameHeight="801"/>
	<SubTexture name="Parent Left Note Dad0010" x="7392" y="1560" width="796" height="799" frameX="0" frameY="-2" frameWidth="796" frameHeight="801"/>
	<SubTexture name="Parent Left Note Dad0011" x="0" y="2371" width="796" height="799" frameX="0" frameY="-2" frameWidth="796" frameHeight="801"/>
	<SubTexture name="Parent Left Note Dad0012" x="5780" y="1560" width="796" height="799" frameX="0" frameY="-2" frameWidth="796" frameHeight="801"/>
	<SubTexture name="Parent Left Note Dad0013" x="6586" y="1560" width="796" height="799" frameX="0" frameY="-2" frameWidth="796" frameHeight="801"/>
	<SubTexture name="Parent Left Note Dad0014" x="7392" y="1560" width="796" height="799" frameX="0" frameY="-2" frameWidth="796" frameHeight="801"/>
	<SubTexture name="Parent Left Note Dad0015" x="0" y="2371" width="796" height="799" frameX="0" frameY="-2" frameWidth="796" frameHeight="801"/>
	<SubTexture name="Parent Left Note Mom0000" x="806" y="2371" width="784" height="800" frameX="-7" frameY="0" frameWidth="796" frameHeight="800"/>
	<SubTexture name="Parent Left Note Mom0001" x="1600" y="2371" width="784" height="800" frameX="-7" frameY="0" frameWidth="796" frameHeight="800"/>
	<SubTexture name="Parent Left Note Mom0002" x="2394" y="2371" width="796" height="791" frameX="0" frameY="-9" frameWidth="796" frameHeight="800"/>
	<SubTexture name="Parent Left Note Mom0003" x="3200" y="2371" width="796" height="791" frameX="0" frameY="-9" frameWidth="796" frameHeight="800"/>
	<SubTexture name="Parent Left Note Mom0004" x="4006" y="2371" width="796" height="799" frameX="0" frameY="-1" frameWidth="796" frameHeight="800"/>
	<SubTexture name="Parent Left Note Mom0005" x="4812" y="2371" width="796" height="799" frameX="0" frameY="-1" frameWidth="796" frameHeight="800"/>
	<SubTexture name="Parent Left Note Mom0006" x="5618" y="2371" width="796" height="799" frameX="0" frameY="-1" frameWidth="796" frameHeight="800"/>
	<SubTexture name="Parent Left Note Mom0007" x="6424" y="2371" width="796" height="799" frameX="0" frameY="-1" frameWidth="796" frameHeight="800"/>
	<SubTexture name="Parent Left Note Mom0008" x="4006" y="2371" width="796" height="799" frameX="0" frameY="-1" frameWidth="796" frameHeight="800"/>
	<SubTexture name="Parent Left Note Mom0009" x="4812" y="2371" width="796" height="799" frameX="0" frameY="-1" frameWidth="796" frameHeight="800"/>
	<SubTexture name="Parent Left Note Mom0010" x="5618" y="2371" width="796" height="799" frameX="0" frameY="-1" frameWidth="796" frameHeight="800"/>
	<SubTexture name="Parent Left Note Mom0011" x="6424" y="2371" width="796" height="799" frameX="0" frameY="-1" frameWidth="796" frameHeight="800"/>
	<SubTexture name="Parent Left Note Mom0012" x="4006" y="2371" width="796" height="799" frameX="0" frameY="-1" frameWidth="796" frameHeight="800"/>
	<SubTexture name="Parent Left Note Mom0013" x="4812" y="2371" width="796" height="799" frameX="0" frameY="-1" frameWidth="796" frameHeight="800"/>
	<SubTexture name="Parent Left Note Mom0014" x="5618" y="2371" width="796" height="799" frameX="0" frameY="-1" frameWidth="796" frameHeight="800"/>
	<SubTexture name="Parent Right Note Dad0000" x="7230" y="2371" width="951" height="746" frameX="-8" frameY="-16" frameWidth="959" frameHeight="762"/>
	<SubTexture name="Parent Right Note Dad0001" x="7230" y="2371" width="951" height="746" frameX="-8" frameY="-16" frameWidth="959" frameHeight="762"/>
	<SubTexture name="Parent Right Note Dad0002" x="0" y="3181" width="952" height="762" frameX="0" frameY="0" frameWidth="959" frameHeight="762"/>
	<SubTexture name="Parent Right Note Dad0003" x="0" y="3181" width="952" height="762" frameX="0" frameY="0" frameWidth="959" frameHeight="762"/>
	<SubTexture name="Parent Right Note Dad0004" x="962" y="3181" width="952" height="761" frameX="0" frameY="-1" frameWidth="959" frameHeight="762"/>
	<SubTexture name="Parent Right Note Dad0005" x="962" y="3181" width="952" height="761" frameX="0" frameY="-1" frameWidth="959" frameHeight="762"/>
	<SubTexture name="Parent Right Note Dad0006" x="1924" y="3181" width="952" height="761" frameX="0" frameY="-1" frameWidth="959" frameHeight="762"/>
	<SubTexture name="Parent Right Note Dad0007" x="1924" y="3181" width="952" height="761" frameX="0" frameY="-1" frameWidth="959" frameHeight="762"/>
	<SubTexture name="Parent Right Note Dad0008" x="962" y="3181" width="952" height="761" frameX="0" frameY="-1" frameWidth="959" frameHeight="762"/>
	<SubTexture name="Parent Right Note Dad0009" x="962" y="3181" width="952" height="761" frameX="0" frameY="-1" frameWidth="959" frameHeight="762"/>
	<SubTexture name="Parent Right Note Dad0010" x="1924" y="3181" width="952" height="761" frameX="0" frameY="-1" frameWidth="959" frameHeight="762"/>
	<SubTexture name="Parent Right Note Dad0011" x="1924" y="3181" width="952" height="761" frameX="0" frameY="-1" frameWidth="959" frameHeight="762"/>
	<SubTexture name="Parent Right Note Dad0012" x="962" y="3181" width="952" height="761" frameX="0" frameY="-1" frameWidth="959" frameHeight="762"/>
	<SubTexture name="Parent Right Note Dad0013" x="962" y="3181" width="952" height="761" frameX="0" frameY="-1" frameWidth="959" frameHeight="762"/>
	<SubTexture name="Parent Right Note Dad0014" x="1924" y="3181" width="952" height="761" frameX="0" frameY="-1" frameWidth="959" frameHeight="762"/>
	<SubTexture name="Parent Right Note Dad0015" x="1924" y="3181" width="952" height="761" frameX="0" frameY="-1" frameWidth="959" frameHeight="762"/>
	<SubTexture name="Parent Right Note Mom0000" x="2886" y="3181" width="951" height="750" frameX="-8" frameY="-13" frameWidth="959" frameHeight="763"/>
	<SubTexture name="Parent Right Note Mom0001" x="2886" y="3181" width="951" height="750" frameX="-8" frameY="-13" frameWidth="959" frameHeight="763"/>
	<SubTexture name="Parent Right Note Mom0002" x="3847" y="3181" width="952" height="763" frameX="0" frameY="0" frameWidth="959" frameHeight="763"/>
	<SubTexture name="Parent Right Note Mom0003" x="3847" y="3181" width="952" height="763" frameX="0" frameY="0" frameWidth="959" frameHeight="763"/>
	<SubTexture name="Parent Right Note Mom0004" x="4809" y="3181" width="952" height="761" frameX="0" frameY="-2" frameWidth="959" frameHeight="763"/>
	<SubTexture name="Parent Right Note Mom0005" x="4809" y="3181" width="952" height="761" frameX="0" frameY="-2" frameWidth="959" frameHeight="763"/>
	<SubTexture name="Parent Right Note Mom0006" x="5771" y="3181" width="952" height="761" frameX="0" frameY="-2" frameWidth="959" frameHeight="763"/>
	<SubTexture name="Parent Right Note Mom0007" x="5771" y="3181" width="952" height="761" frameX="0" frameY="-2" frameWidth="959" frameHeight="763"/>
	<SubTexture name="Parent Right Note Mom0008" x="4809" y="3181" width="952" height="761" frameX="0" frameY="-2" frameWidth="959" frameHeight="763"/>
	<SubTexture name="Parent Right Note Mom0009" x="4809" y="3181" width="952" height="761" frameX="0" frameY="-2" frameWidth="959" frameHeight="763"/>
	<SubTexture name="Parent Right Note Mom0010" x="5771" y="3181" width="952" height="761" frameX="0" frameY="-2" frameWidth="959" frameHeight="763"/>
	<SubTexture name="Parent Right Note Mom0011" x="5771" y="3181" width="952" height="761" frameX="0" frameY="-2" frameWidth="959" frameHeight="763"/>
	<SubTexture name="Parent Right Note Mom0012" x="4809" y="3181" width="952" height="761" frameX="0" frameY="-2" frameWidth="959" frameHeight="763"/>
	<SubTexture name="Parent Right Note Mom0013" x="4809" y="3181" width="952" height="761" frameX="0" frameY="-2" frameWidth="959" frameHeight="763"/>
	<SubTexture name="Parent Right Note Mom0014" x="5771" y="3181" width="952" height="761" frameX="0" frameY="-2" frameWidth="959" frameHeight="763"/>
	<SubTexture name="Parent Up Note Dad0000" x="6733" y="3181" width="787" height="807" frameX="-11" frameY="-1" frameWidth="799" frameHeight="808"/>
	<SubTexture name="Parent Up Note Dad0001" x="0" y="3998" width="787" height="807" frameX="-11" frameY="-1" frameWidth="799" frameHeight="808"/>
	<SubTexture name="Parent Up Note Dad0002" x="797" y="3998" width="799" height="805" frameX="0" frameY="-3" frameWidth="799" frameHeight="808"/>
	<SubTexture name="Parent Up Note Dad0003" x="1606" y="3998" width="799" height="805" frameX="0" frameY="-3" frameWidth="799" frameHeight="808"/>
	<SubTexture name="Parent Up Note Dad0004" x="2415" y="3998" width="799" height="808"/>
	<SubTexture name="Parent Up Note Dad0005" x="3224" y="3998" width="799" height="808"/>
	<SubTexture name="Parent Up Note Dad0006" x="4033" y="3998" width="799" height="808"/>
	<SubTexture name="Parent Up Note Dad0007" x="4842" y="3998" width="799" height="808"/>
	<SubTexture name="Parent Up Note Dad0008" x="2415" y="3998" width="799" height="808"/>
	<SubTexture name="Parent Up Note Dad0009" x="3224" y="3998" width="799" height="808"/>
	<SubTexture name="Parent Up Note Dad0010" x="4033" y="3998" width="799" height="808"/>
	<SubTexture name="Parent Up Note Dad0011" x="4842" y="3998" width="799" height="808"/>
	<SubTexture name="Parent Up Note Dad0012" x="2415" y="3998" width="799" height="808"/>
	<SubTexture name="Parent Up Note Dad0013" x="3224" y="3998" width="799" height="808"/>
	<SubTexture name="Parent Up Note Mom0000" x="5651" y="3998" width="787" height="811" frameX="-11" frameY="0" frameWidth="799" frameHeight="811"/>
	<SubTexture name="Parent Up Note Mom0001" x="6448" y="3998" width="787" height="811" frameX="-11" frameY="0" frameWidth="799" frameHeight="811"/>
	<SubTexture name="Parent Up Note Mom0002" x="7245" y="3998" width="799" height="805" frameX="0" frameY="-6" frameWidth="799" frameHeight="811"/>
	<SubTexture name="Parent Up Note Mom0003" x="0" y="4819" width="799" height="805" frameX="0" frameY="-6" frameWidth="799" frameHeight="811"/>
	<SubTexture name="Parent Up Note Mom0004" x="809" y="4819" width="799" height="808" frameX="0" frameY="-3" frameWidth="799" frameHeight="811"/>
	<SubTexture name="Parent Up Note Mom0005" x="1618" y="4819" width="799" height="808" frameX="0" frameY="-3" frameWidth="799" frameHeight="811"/>
	<SubTexture name="Parent Up Note Mom0006" x="2427" y="4819" width="799" height="808" frameX="0" frameY="-3" frameWidth="799" frameHeight="811"/>
	<SubTexture name="Parent Up Note Mom0007" x="3236" y="4819" width="799" height="808" frameX="0" frameY="-3" frameWidth="799" frameHeight="811"/>
	<SubTexture name="Parent Up Note Mom0008" x="809" y="4819" width="799" height="808" frameX="0" frameY="-3" frameWidth="799" frameHeight="811"/>
	<SubTexture name="Parent Up Note Mom0009" x="1618" y="4819" width="799" height="808" frameX="0" frameY="-3" frameWidth="799" frameHeight="811"/>
	<SubTexture name="Parent Up Note Mom0010" x="2427" y="4819" width="799" height="808" frameX="0" frameY="-3" frameWidth="799" frameHeight="811"/>
	<SubTexture name="Parent Up Note Mom0011" x="3236" y="4819" width="799" height="808" frameX="0" frameY="-3" frameWidth="799" frameHeight="811"/>
	<SubTexture name="Parent Up Note Mom0012" x="809" y="4819" width="799" height="808" frameX="0" frameY="-3" frameWidth="799" frameHeight="811"/>
	<SubTexture name="Parent Up Note Mom0013" x="1618" y="4819" width="799" height="808" frameX="0" frameY="-3" frameWidth="799" frameHeight="811"/>
</TextureAtlas>
