﻿<?xml version="1.0" encoding="utf-8"?>
<TextureAtlas imagePath="Pico_FNF_assetss.png">
	<!-- Created with Adobe Animate version 20.0.0.17400 -->
	<!-- http://www.adobe.com/products/animate.html -->
	<SubTexture name="Pico Down Note0000" x="0" y="0" width="723" height="382" frameX="-13" frameY="-9" frameWidth="736" frameHeight="392"/>
	<SubTexture name="Pico Down Note0001" x="0" y="0" width="723" height="382" frameX="-13" frameY="-9" frameWidth="736" frameHeight="392"/>
	<SubTexture name="Pico Down Note0002" x="733" y="0" width="502" height="392" frameX="0" frameY="0" frameWidth="736" frameHeight="392"/>
	<SubTexture name="Pico Down Note0003" x="733" y="0" width="502" height="392" frameX="0" frameY="0" frameWidth="736" frameHeight="392"/>
	<SubTexture name="Pico Down Note0004" x="733" y="0" width="502" height="392" frameX="0" frameY="0" frameWidth="736" frameHeight="392"/>
	<SubTexture name="Pico Down Note0005" x="733" y="0" width="502" height="392" frameX="0" frameY="0" frameWidth="736" frameHeight="392"/>
	<SubTexture name="Pico Down Note0006" x="733" y="0" width="502" height="392" frameX="0" frameY="0" frameWidth="736" frameHeight="392"/>
	<SubTexture name="Pico Down Note0007" x="733" y="0" width="502" height="392" frameX="0" frameY="0" frameWidth="736" frameHeight="392"/>
	<SubTexture name="Pico Down Note0008" x="733" y="0" width="502" height="392" frameX="0" frameY="0" frameWidth="736" frameHeight="392"/>
	<SubTexture name="Pico Down Note0009" x="733" y="0" width="502" height="392" frameX="0" frameY="0" frameWidth="736" frameHeight="392"/>
	<SubTexture name="Pico Down Note0010" x="733" y="0" width="502" height="392" frameX="0" frameY="0" frameWidth="736" frameHeight="392"/>
	<SubTexture name="Pico Down Note MISS0000" x="0" y="0" width="723" height="382" frameX="-10" frameY="-52" frameWidth="736" frameHeight="392"/>
	<SubTexture name="Pico Down Note MISS0001" x="1245" y="0" width="495" height="432" frameX="-2" frameY="0" frameWidth="733" frameHeight="434"/>
	<SubTexture name="Pico Down Note MISS0002" x="1245" y="0" width="495" height="432" frameX="-2" frameY="0" frameWidth="733" frameHeight="434"/>
	<SubTexture name="Pico Down Note MISS0003" x="1750" y="0" width="499" height="426" frameX="0" frameY="-6" frameWidth="733" frameHeight="434"/>
	<SubTexture name="Pico Down Note MISS0004" x="1750" y="0" width="499" height="426" frameX="0" frameY="-6" frameWidth="733" frameHeight="434"/>
	<SubTexture name="Pico Down Note MISS0005" x="2259" y="0" width="499" height="426" frameX="0" frameY="-6" frameWidth="733" frameHeight="434"/>
	<SubTexture name="Pico Down Note MISS0006" x="2259" y="0" width="499" height="426" frameX="0" frameY="-6" frameWidth="733" frameHeight="434"/>
	<SubTexture name="Pico Down Note MISS0007" x="1750" y="0" width="499" height="426" frameX="0" frameY="-6" frameWidth="733" frameHeight="434"/>
	<SubTexture name="Pico Down Note MISS0008" x="1750" y="0" width="499" height="426" frameX="0" frameY="-6" frameWidth="733" frameHeight="434"/>
	<SubTexture name="Pico Down Note MISS0009" x="2259" y="0" width="499" height="426" frameX="0" frameY="-6" frameWidth="733" frameHeight="434"/>
	<SubTexture name="Pico Down Note MISS0010" x="2259" y="0" width="499" height="426" frameX="0" frameY="-6" frameWidth="733" frameHeight="434"/>
	<SubTexture name="Pico Down Note MISS0011" x="1750" y="0" width="499" height="426" frameX="0" frameY="-6" frameWidth="733" frameHeight="434"/>
	<SubTexture name="Pico Down Note MISS0012" x="1750" y="0" width="499" height="426" frameX="0" frameY="-6" frameWidth="733" frameHeight="434"/>
	<SubTexture name="Pico Down Note MISS0013" x="2259" y="0" width="499" height="426" frameX="0" frameY="-6" frameWidth="733" frameHeight="434"/>
	<SubTexture name="Pico Down Note MISS0014" x="2259" y="0" width="499" height="426" frameX="0" frameY="-6" frameWidth="733" frameHeight="434"/>
	<SubTexture name="Pico Down Note MISS0015" x="1750" y="0" width="499" height="426" frameX="0" frameY="-6" frameWidth="733" frameHeight="434"/>
	<SubTexture name="Pico Down Note MISS0016" x="1750" y="0" width="499" height="426" frameX="0" frameY="-6" frameWidth="733" frameHeight="434"/>
	<SubTexture name="Pico Down Note MISS0017" x="2259" y="0" width="499" height="426" frameX="0" frameY="-6" frameWidth="733" frameHeight="434"/>
	<SubTexture name="Pico Down Note MISS0018" x="2259" y="0" width="499" height="426" frameX="0" frameY="-6" frameWidth="733" frameHeight="434"/>
	<SubTexture name="Pico Down Note MISS0019" x="1750" y="0" width="499" height="426" frameX="0" frameY="-6" frameWidth="733" frameHeight="434"/>
	<SubTexture name="Pico Down Note MISS0020" x="1750" y="0" width="499" height="426" frameX="0" frameY="-6" frameWidth="733" frameHeight="434"/>
	<SubTexture name="Pico Down Note MISS0021" x="2259" y="0" width="499" height="426" frameX="0" frameY="-6" frameWidth="733" frameHeight="434"/>
	<SubTexture name="Pico Down Note MISS0022" x="2259" y="0" width="499" height="426" frameX="0" frameY="-6" frameWidth="733" frameHeight="434"/>
	<SubTexture name="Pico Down Note MISS0023" x="1750" y="0" width="499" height="426" frameX="0" frameY="-6" frameWidth="733" frameHeight="434"/>
	<SubTexture name="Pico Down Note MISS0024" x="1750" y="0" width="499" height="426" frameX="0" frameY="-6" frameWidth="733" frameHeight="434"/>
	<SubTexture name="Pico Idle Dance0000" x="2768" y="0" width="435" height="461" frameX="-18" frameY="-13" frameWidth="453" frameHeight="475"/>
	<SubTexture name="Pico Idle Dance0001" x="2768" y="0" width="435" height="461" frameX="-18" frameY="-13" frameWidth="453" frameHeight="475"/>
	<SubTexture name="Pico Idle Dance0002" x="3213" y="0" width="442" height="468" frameX="-11" frameY="-6" frameWidth="453" frameHeight="475"/>
	<SubTexture name="Pico Idle Dance0003" x="3213" y="0" width="442" height="468" frameX="-11" frameY="-6" frameWidth="453" frameHeight="475"/>
	<SubTexture name="Pico Idle Dance0004" x="0" y="478" width="448" height="469" frameX="-1" frameY="-6" frameWidth="453" frameHeight="475"/>
	<SubTexture name="Pico Idle Dance0005" x="458" y="478" width="444" height="469" frameX="-1" frameY="-6" frameWidth="453" frameHeight="475"/>
	<SubTexture name="Pico Idle Dance0006" x="912" y="478" width="444" height="474" frameX="-1" frameY="-1" frameWidth="453" frameHeight="475"/>
	<SubTexture name="Pico Idle Dance0007" x="1366" y="478" width="442" height="474" frameX="-1" frameY="-1" frameWidth="453" frameHeight="475"/>
	<SubTexture name="Pico Idle Dance0008" x="1818" y="478" width="443" height="475" frameX="0" frameY="0" frameWidth="453" frameHeight="475"/>
	<SubTexture name="Pico Idle Dance0009" x="1818" y="478" width="443" height="475" frameX="0" frameY="0" frameWidth="453" frameHeight="475"/>
	<SubTexture name="Pico Idle Dance0010" x="1818" y="478" width="443" height="475" frameX="0" frameY="0" frameWidth="453" frameHeight="475"/>
	<SubTexture name="Pico Idle Dance0011" x="1818" y="478" width="443" height="475" frameX="0" frameY="0" frameWidth="453" frameHeight="475"/>
	<SubTexture name="Pico Idle Dance0012" x="1818" y="478" width="443" height="475" frameX="0" frameY="0" frameWidth="453" frameHeight="475"/>
	<SubTexture name="Pico Idle Dance0013" x="1818" y="478" width="443" height="475" frameX="0" frameY="0" frameWidth="453" frameHeight="475"/>
	<SubTexture name="Pico NOTE LEFT0000" x="2271" y="478" width="449" height="462" frameX="-6" frameY="-2" frameWidth="455" frameHeight="464"/>
	<SubTexture name="Pico NOTE LEFT0001" x="2271" y="478" width="449" height="462" frameX="-6" frameY="-2" frameWidth="455" frameHeight="464"/>
	<SubTexture name="Pico NOTE LEFT0002" x="2730" y="478" width="455" height="464"/>
	<SubTexture name="Pico NOTE LEFT0003" x="2730" y="478" width="455" height="464"/>
	<SubTexture name="Pico NOTE LEFT0004" x="2730" y="478" width="455" height="464"/>
	<SubTexture name="Pico NOTE LEFT0005" x="2730" y="478" width="455" height="464"/>
	<SubTexture name="Pico NOTE LEFT0006" x="2730" y="478" width="455" height="464"/>
	<SubTexture name="Pico NOTE LEFT0007" x="2730" y="478" width="455" height="464"/>
	<SubTexture name="Pico NOTE LEFT0008" x="2730" y="478" width="455" height="464"/>
	<SubTexture name="Pico NOTE LEFT0009" x="2730" y="478" width="455" height="464"/>
	<SubTexture name="Pico NOTE LEFT0010" x="2730" y="478" width="455" height="464"/>
	<SubTexture name="Pico NOTE LEFT0011" x="2730" y="478" width="455" height="464"/>
	<SubTexture name="Pico NOTE LEFT0012" x="2730" y="478" width="455" height="464"/>
	<SubTexture name="Pico NOTE LEFT0013" x="2730" y="478" width="455" height="464"/>
	<SubTexture name="Pico NOTE LEFT0014" x="2730" y="478" width="455" height="464"/>
	<SubTexture name="Pico NOTE LEFT0015" x="2730" y="478" width="455" height="464"/>
	<SubTexture name="Pico NOTE LEFT0016" x="2730" y="478" width="455" height="464"/>
	<SubTexture name="Pico NOTE LEFT miss0000" x="3195" y="478" width="449" height="462" frameX="-6" frameY="-37" frameWidth="461" frameHeight="500"/>
	<SubTexture name="Pico NOTE LEFT miss0001" x="0" y="963" width="459" height="500" frameX="-2" frameY="0" frameWidth="461" frameHeight="500"/>
	<SubTexture name="Pico NOTE LEFT miss0002" x="0" y="963" width="459" height="500" frameX="-2" frameY="0" frameWidth="461" frameHeight="500"/>
	<SubTexture name="Pico NOTE LEFT miss0003" x="469" y="963" width="460" height="500" frameX="0" frameY="0" frameWidth="461" frameHeight="500"/>
	<SubTexture name="Pico NOTE LEFT miss0004" x="469" y="963" width="460" height="500" frameX="0" frameY="0" frameWidth="461" frameHeight="500"/>
	<SubTexture name="Pico NOTE LEFT miss0005" x="939" y="963" width="460" height="500" frameX="0" frameY="0" frameWidth="461" frameHeight="500"/>
	<SubTexture name="Pico NOTE LEFT miss0006" x="939" y="963" width="460" height="500" frameX="0" frameY="0" frameWidth="461" frameHeight="500"/>
	<SubTexture name="Pico NOTE LEFT miss0007" x="469" y="963" width="460" height="500" frameX="0" frameY="0" frameWidth="461" frameHeight="500"/>
	<SubTexture name="Pico NOTE LEFT miss0008" x="469" y="963" width="460" height="500" frameX="0" frameY="0" frameWidth="461" frameHeight="500"/>
	<SubTexture name="Pico NOTE LEFT miss0009" x="939" y="963" width="460" height="500" frameX="0" frameY="0" frameWidth="461" frameHeight="500"/>
	<SubTexture name="Pico NOTE LEFT miss0010" x="939" y="963" width="460" height="500" frameX="0" frameY="0" frameWidth="461" frameHeight="500"/>
	<SubTexture name="Pico NOTE LEFT miss0011" x="469" y="963" width="460" height="500" frameX="0" frameY="0" frameWidth="461" frameHeight="500"/>
	<SubTexture name="Pico NOTE LEFT miss0012" x="469" y="963" width="460" height="500" frameX="0" frameY="0" frameWidth="461" frameHeight="500"/>
	<SubTexture name="Pico NOTE LEFT miss0013" x="939" y="963" width="460" height="500" frameX="0" frameY="0" frameWidth="461" frameHeight="500"/>
	<SubTexture name="Pico NOTE LEFT miss0014" x="939" y="963" width="460" height="500" frameX="0" frameY="0" frameWidth="461" frameHeight="500"/>
	<SubTexture name="Pico NOTE LEFT miss0015" x="469" y="963" width="460" height="500" frameX="0" frameY="0" frameWidth="461" frameHeight="500"/>
	<SubTexture name="Pico NOTE LEFT miss0016" x="469" y="963" width="460" height="500" frameX="0" frameY="0" frameWidth="461" frameHeight="500"/>
	<SubTexture name="Pico NOTE LEFT miss0017" x="939" y="963" width="460" height="500" frameX="0" frameY="0" frameWidth="461" frameHeight="500"/>
	<SubTexture name="Pico NOTE LEFT miss0018" x="939" y="963" width="460" height="500" frameX="0" frameY="0" frameWidth="461" frameHeight="500"/>
	<SubTexture name="Pico NOTE LEFT miss0019" x="469" y="963" width="460" height="500" frameX="0" frameY="0" frameWidth="461" frameHeight="500"/>
	<SubTexture name="Pico NOTE LEFT miss0020" x="469" y="963" width="460" height="500" frameX="0" frameY="0" frameWidth="461" frameHeight="500"/>
	<SubTexture name="Pico NOTE LEFT miss0021" x="939" y="963" width="460" height="500" frameX="0" frameY="0" frameWidth="461" frameHeight="500"/>
	<SubTexture name="Pico NOTE LEFT miss0022" x="939" y="963" width="460" height="500" frameX="0" frameY="0" frameWidth="461" frameHeight="500"/>
	<SubTexture name="Pico NOTE LEFT miss0023" x="469" y="963" width="460" height="500" frameX="0" frameY="0" frameWidth="461" frameHeight="500"/>
	<SubTexture name="Pico NOTE LEFT miss0024" x="469" y="963" width="460" height="500" frameX="0" frameY="0" frameWidth="461" frameHeight="500"/>
	<SubTexture name="Pico Note Right0000" x="1409" y="963" width="458" height="476" frameX="-1" frameY="0" frameWidth="459" frameHeight="476"/>
	<SubTexture name="Pico Note Right0001" x="1409" y="963" width="458" height="476" frameX="-1" frameY="0" frameWidth="459" frameHeight="476"/>
	<SubTexture name="Pico Note Right0002" x="1877" y="963" width="442" height="473" frameX="0" frameY="-3" frameWidth="459" frameHeight="476"/>
	<SubTexture name="Pico Note Right0003" x="1877" y="963" width="442" height="473" frameX="0" frameY="-3" frameWidth="459" frameHeight="476"/>
	<SubTexture name="Pico Note Right0004" x="1877" y="963" width="442" height="473" frameX="0" frameY="-3" frameWidth="459" frameHeight="476"/>
	<SubTexture name="Pico Note Right0005" x="1877" y="963" width="442" height="473" frameX="0" frameY="-3" frameWidth="459" frameHeight="476"/>
	<SubTexture name="Pico Note Right0006" x="1877" y="963" width="442" height="473" frameX="0" frameY="-3" frameWidth="459" frameHeight="476"/>
	<SubTexture name="Pico Note Right0007" x="1877" y="963" width="442" height="473" frameX="0" frameY="-3" frameWidth="459" frameHeight="476"/>
	<SubTexture name="Pico Note Right0008" x="1877" y="963" width="442" height="473" frameX="0" frameY="-3" frameWidth="459" frameHeight="476"/>
	<SubTexture name="Pico Note Right0009" x="1877" y="963" width="442" height="473" frameX="0" frameY="-3" frameWidth="459" frameHeight="476"/>
	<SubTexture name="Pico Note Right0010" x="1877" y="963" width="442" height="473" frameX="0" frameY="-3" frameWidth="459" frameHeight="476"/>
	<SubTexture name="Pico Note Right0011" x="1877" y="963" width="442" height="473" frameX="0" frameY="-3" frameWidth="459" frameHeight="476"/>
	<SubTexture name="Pico Note Right0012" x="1877" y="963" width="442" height="473" frameX="0" frameY="-3" frameWidth="459" frameHeight="476"/>
	<SubTexture name="Pico Note Right0013" x="1877" y="963" width="442" height="473" frameX="0" frameY="-3" frameWidth="459" frameHeight="476"/>
	<SubTexture name="Pico Note Right0014" x="1877" y="963" width="442" height="473" frameX="0" frameY="-3" frameWidth="459" frameHeight="476"/>
	<SubTexture name="Pico Note Right0015" x="1877" y="963" width="442" height="473" frameX="0" frameY="-3" frameWidth="459" frameHeight="476"/>
	<SubTexture name="Pico Note Right0016" x="1877" y="963" width="442" height="473" frameX="0" frameY="-3" frameWidth="459" frameHeight="476"/>
	<SubTexture name="Pico Note Right Miss0000" x="2329" y="963" width="458" height="476" frameX="-11" frameY="-46" frameWidth="469" frameHeight="522"/>
	<SubTexture name="Pico Note Right Miss0001" x="2797" y="963" width="443" height="522" frameX="0" frameY="0" frameWidth="469" frameHeight="522"/>
	<SubTexture name="Pico Note Right Miss0002" x="2797" y="963" width="443" height="522" frameX="0" frameY="0" frameWidth="469" frameHeight="522"/>
	<SubTexture name="Pico Note Right Miss0003" x="3250" y="963" width="445" height="522" frameX="-1" frameY="0" frameWidth="469" frameHeight="522"/>
	<SubTexture name="Pico Note Right Miss0004" x="3250" y="963" width="445" height="522" frameX="-1" frameY="0" frameWidth="469" frameHeight="522"/>
	<SubTexture name="Pico Note Right Miss0005" x="0" y="1495" width="445" height="522" frameX="-1" frameY="0" frameWidth="469" frameHeight="522"/>
	<SubTexture name="Pico Note Right Miss0006" x="0" y="1495" width="445" height="522" frameX="-1" frameY="0" frameWidth="469" frameHeight="522"/>
	<SubTexture name="Pico Note Right Miss0007" x="3250" y="963" width="445" height="522" frameX="-1" frameY="0" frameWidth="469" frameHeight="522"/>
	<SubTexture name="Pico Note Right Miss0008" x="3250" y="963" width="445" height="522" frameX="-1" frameY="0" frameWidth="469" frameHeight="522"/>
	<SubTexture name="Pico Note Right Miss0009" x="0" y="1495" width="445" height="522" frameX="-1" frameY="0" frameWidth="469" frameHeight="522"/>
	<SubTexture name="Pico Note Right Miss0010" x="0" y="1495" width="445" height="522" frameX="-1" frameY="0" frameWidth="469" frameHeight="522"/>
	<SubTexture name="Pico Note Right Miss0011" x="3250" y="963" width="445" height="522" frameX="-1" frameY="0" frameWidth="469" frameHeight="522"/>
	<SubTexture name="Pico Note Right Miss0012" x="3250" y="963" width="445" height="522" frameX="-1" frameY="0" frameWidth="469" frameHeight="522"/>
	<SubTexture name="Pico Note Right Miss0013" x="0" y="1495" width="445" height="522" frameX="-1" frameY="0" frameWidth="469" frameHeight="522"/>
	<SubTexture name="Pico Note Right Miss0014" x="0" y="1495" width="445" height="522" frameX="-1" frameY="0" frameWidth="469" frameHeight="522"/>
	<SubTexture name="Pico Note Right Miss0015" x="3250" y="963" width="445" height="522" frameX="-1" frameY="0" frameWidth="469" frameHeight="522"/>
	<SubTexture name="Pico Note Right Miss0016" x="3250" y="963" width="445" height="522" frameX="-1" frameY="0" frameWidth="469" frameHeight="522"/>
	<SubTexture name="Pico Note Right Miss0017" x="0" y="1495" width="445" height="522" frameX="-1" frameY="0" frameWidth="469" frameHeight="522"/>
	<SubTexture name="Pico Note Right Miss0018" x="0" y="1495" width="445" height="522" frameX="-1" frameY="0" frameWidth="469" frameHeight="522"/>
	<SubTexture name="Pico Note Right Miss0019" x="3250" y="963" width="445" height="522" frameX="-1" frameY="0" frameWidth="469" frameHeight="522"/>
	<SubTexture name="Pico Note Right Miss0020" x="3250" y="963" width="445" height="522" frameX="-1" frameY="0" frameWidth="469" frameHeight="522"/>
	<SubTexture name="Pico Note Right Miss0021" x="0" y="1495" width="445" height="522" frameX="-1" frameY="0" frameWidth="469" frameHeight="522"/>
	<SubTexture name="Pico Note Right Miss0022" x="0" y="1495" width="445" height="522" frameX="-1" frameY="0" frameWidth="469" frameHeight="522"/>
	<SubTexture name="Pico Note Right Miss0023" x="3250" y="963" width="445" height="522" frameX="-1" frameY="0" frameWidth="469" frameHeight="522"/>
	<SubTexture name="Pico Note Right Miss0024" x="3250" y="963" width="445" height="522" frameX="-1" frameY="0" frameWidth="469" frameHeight="522"/>
	<SubTexture name="pico Up note0000" x="455" y="1495" width="432" height="495" frameX="0" frameY="0" frameWidth="433" frameHeight="495"/>
	<SubTexture name="pico Up note0001" x="455" y="1495" width="432" height="495" frameX="0" frameY="0" frameWidth="433" frameHeight="495"/>
	<SubTexture name="pico Up note0002" x="897" y="1495" width="432" height="490" frameX="-1" frameY="-5" frameWidth="433" frameHeight="495"/>
	<SubTexture name="pico Up note0003" x="897" y="1495" width="432" height="490" frameX="-1" frameY="-5" frameWidth="433" frameHeight="495"/>
	<SubTexture name="pico Up note0004" x="897" y="1495" width="432" height="490" frameX="-1" frameY="-5" frameWidth="433" frameHeight="495"/>
	<SubTexture name="pico Up note0005" x="897" y="1495" width="432" height="490" frameX="-1" frameY="-5" frameWidth="433" frameHeight="495"/>
	<SubTexture name="pico Up note0006" x="897" y="1495" width="432" height="490" frameX="-1" frameY="-5" frameWidth="433" frameHeight="495"/>
	<SubTexture name="pico Up note0007" x="897" y="1495" width="432" height="490" frameX="-1" frameY="-5" frameWidth="433" frameHeight="495"/>
	<SubTexture name="pico Up note0008" x="897" y="1495" width="432" height="490" frameX="-1" frameY="-5" frameWidth="433" frameHeight="495"/>
	<SubTexture name="pico Up note0009" x="897" y="1495" width="432" height="490" frameX="-1" frameY="-5" frameWidth="433" frameHeight="495"/>
	<SubTexture name="pico Up note0010" x="897" y="1495" width="432" height="490" frameX="-1" frameY="-5" frameWidth="433" frameHeight="495"/>
	<SubTexture name="pico Up note0011" x="897" y="1495" width="432" height="490" frameX="-1" frameY="-5" frameWidth="433" frameHeight="495"/>
	<SubTexture name="pico Up note0012" x="897" y="1495" width="432" height="490" frameX="-1" frameY="-5" frameWidth="433" frameHeight="495"/>
	<SubTexture name="pico Up note0013" x="897" y="1495" width="432" height="490" frameX="-1" frameY="-5" frameWidth="433" frameHeight="495"/>
	<SubTexture name="pico Up note miss0000" x="1339" y="1495" width="432" height="495" frameX="-8" frameY="-36" frameWidth="451" frameHeight="531"/>
	<SubTexture name="pico Up note miss0001" x="1781" y="1495" width="451" height="526" frameX="0" frameY="-4" frameWidth="451" frameHeight="531"/>
	<SubTexture name="pico Up note miss0002" x="1781" y="1495" width="451" height="526" frameX="0" frameY="-4" frameWidth="451" frameHeight="531"/>
	<SubTexture name="pico Up note miss0003" x="2242" y="1495" width="444" height="530" frameX="-4" frameY="0" frameWidth="451" frameHeight="531"/>
	<SubTexture name="pico Up note miss0004" x="2242" y="1495" width="444" height="530" frameX="-4" frameY="0" frameWidth="451" frameHeight="531"/>
	<SubTexture name="pico Up note miss0005" x="2696" y="1495" width="444" height="530" frameX="-4" frameY="0" frameWidth="451" frameHeight="531"/>
	<SubTexture name="pico Up note miss0006" x="2696" y="1495" width="444" height="530" frameX="-4" frameY="0" frameWidth="451" frameHeight="531"/>
	<SubTexture name="pico Up note miss0007" x="2242" y="1495" width="444" height="530" frameX="-4" frameY="0" frameWidth="451" frameHeight="531"/>
	<SubTexture name="pico Up note miss0008" x="2242" y="1495" width="444" height="530" frameX="-4" frameY="0" frameWidth="451" frameHeight="531"/>
	<SubTexture name="pico Up note miss0009" x="2696" y="1495" width="444" height="530" frameX="-4" frameY="0" frameWidth="451" frameHeight="531"/>
	<SubTexture name="pico Up note miss0010" x="2696" y="1495" width="444" height="530" frameX="-4" frameY="0" frameWidth="451" frameHeight="531"/>
	<SubTexture name="pico Up note miss0011" x="2242" y="1495" width="444" height="530" frameX="-4" frameY="0" frameWidth="451" frameHeight="531"/>
	<SubTexture name="pico Up note miss0012" x="2242" y="1495" width="444" height="530" frameX="-4" frameY="0" frameWidth="451" frameHeight="531"/>
	<SubTexture name="pico Up note miss0013" x="2696" y="1495" width="444" height="530" frameX="-4" frameY="0" frameWidth="451" frameHeight="531"/>
	<SubTexture name="pico Up note miss0014" x="2696" y="1495" width="444" height="530" frameX="-4" frameY="0" frameWidth="451" frameHeight="531"/>
	<SubTexture name="pico Up note miss0015" x="2242" y="1495" width="444" height="530" frameX="-4" frameY="0" frameWidth="451" frameHeight="531"/>
	<SubTexture name="pico Up note miss0016" x="2242" y="1495" width="444" height="530" frameX="-4" frameY="0" frameWidth="451" frameHeight="531"/>
	<SubTexture name="pico Up note miss0017" x="2696" y="1495" width="444" height="530" frameX="-4" frameY="0" frameWidth="451" frameHeight="531"/>
	<SubTexture name="pico Up note miss0018" x="2696" y="1495" width="444" height="530" frameX="-4" frameY="0" frameWidth="451" frameHeight="531"/>
	<SubTexture name="pico Up note miss0019" x="2242" y="1495" width="444" height="530" frameX="-4" frameY="0" frameWidth="451" frameHeight="531"/>
	<SubTexture name="pico Up note miss0020" x="2242" y="1495" width="444" height="530" frameX="-4" frameY="0" frameWidth="451" frameHeight="531"/>
	<SubTexture name="pico Up note miss0021" x="2696" y="1495" width="444" height="530" frameX="-4" frameY="0" frameWidth="451" frameHeight="531"/>
	<SubTexture name="pico Up note miss0022" x="2696" y="1495" width="444" height="530" frameX="-4" frameY="0" frameWidth="451" frameHeight="531"/>
	<SubTexture name="pico Up note miss0023" x="2242" y="1495" width="444" height="530" frameX="-4" frameY="0" frameWidth="451" frameHeight="531"/>
	<SubTexture name="pico Up note miss0024" x="2242" y="1495" width="444" height="530" frameX="-4" frameY="0" frameWidth="451" frameHeight="531"/>
</TextureAtlas>
