{"song":{"sectionLengths":[],"player1":"bf","player2":"pico","notes":[{"typeOfSection":0,"sectionNotes":[],"lengthInSteps":16,"bpm":95,"changeBPM":false,"mustHitSection":true},{"typeOfSection":0,"sectionNotes":[],"lengthInSteps":16,"bpm":175,"changeBPM":false,"mustHitSection":true},{"typeOfSection":0,"sectionNotes":[[2914.28571428571,2,0],[3428.57142857143,1,236.842105263158],[3771.42857142857,3,157.894736842105]],"lengthInSteps":16,"bpm":175,"changeBPM":false,"mustHitSection":false},{"typeOfSection":0,"sectionNotes":[[4285.71428571428,2,0],[4800,1,236.842105263158],[5142.85714285714,3,157.894736842105]],"lengthInSteps":16,"bpm":175,"changeBPM":false,"mustHitSection":false},{"typeOfSection":0,"sectionNotes":[[5657.14285714285,2,0],[6171.42857142857,1,236.842105263158],[6514.28571428571,3,157.894736842105]],"lengthInSteps":16,"bpm":175,"changeBPM":false,"mustHitSection":false},{"typeOfSection":0,"sectionNotes":[[6865.71428571429,0,0],[7628.57142857143,2,0],[7885.71428571428,0,0]],"lengthInSteps":16,"bpm":175,"changeBPM":false,"mustHitSection":false},{"typeOfSection":0,"sectionNotes":[[8400,2,0],[8914.28571428571,1,236.842105263158],[9257.14285714286,3,157.894736842105]],"lengthInSteps":16,"bpm":175,"changeBPM":false,"mustHitSection":true},{"typeOfSection":0,"sectionNotes":[[9771.42857142857,2,0],[10285.7142857143,1,236.842105263158],[10628.5714285714,3,157.894736842105]],"lengthInSteps":16,"bpm":175,"changeBPM":false,"mustHitSection":true},{"typeOfSection":0,"sectionNotes":[[11142.8571428571,2,0],[11657.1428571429,1,236.842105263158],[12000,3,157.894736842105]],"lengthInSteps":16,"bpm":175,"changeBPM":false,"mustHitSection":true},{"typeOfSection":0,"sectionNotes":[[12351.4285714286,0,0],[12685.7142857143,2,0],[13371.4285714286,0,0]],"lengthInSteps":16,"bpm":175,"changeBPM":false,"mustHitSection":true},{"typeOfSection":0,"sectionNotes":[[13885.7142857143,2,0],[14400,0,0]],"lengthInSteps":16,"bpm":175,"changeBPM":false,"mustHitSection":false},{"typeOfSection":0,"sectionNotes":[[15257.1428571429,3,0],[15857.1428571429,2,0]],"lengthInSteps":16,"bpm":175,"changeBPM":false,"mustHitSection":false},{"typeOfSection":0,"sectionNotes":[[17314.2857142857,0,0],[16467.8571428571,1,0],[17657.1428571429,3,0]],"lengthInSteps":16,"bpm":175,"changeBPM":false,"mustHitSection":false},{"typeOfSection":0,"sectionNotes":[[18000,3,0],[18600,2,0],[19028.5714285714,3,0]],"lengthInSteps":16,"bpm":175,"changeBPM":false,"mustHitSection":false},{"typeOfSection":0,"sectionNotes":[[19371.4285714286,2,0],[19885.7142857143,0,0]],"lengthInSteps":16,"bpm":175,"changeBPM":false,"mustHitSection":true},{"typeOfSection":0,"sectionNotes":[[20742.8571428571,3,0],[21342.8571428571,2,0]],"lengthInSteps":16,"bpm":175,"changeBPM":false,"mustHitSection":true},{"typeOfSection":0,"sectionNotes":[[21942.8571428571,1,0],[23142.8571428571,3,0],[22800,0,0]],"lengthInSteps":16,"bpm":175,"changeBPM":false,"mustHitSection":true},{"typeOfSection":0,"sectionNotes":[[23485.7142857143,3,0],[24085.7142857143,2,0],[24514.2857142857,3,0]],"lengthInSteps":16,"bpm":175,"changeBPM":false,"mustHitSection":true},{"typeOfSection":0,"sectionNotes":[[25371.4285714286,0,0],[25714.2857142857,3,0],[24687.8571428571,2,0]],"lengthInSteps":16,"bpm":175,"changeBPM":false,"mustHitSection":false},{"typeOfSection":0,"sectionNotes":[[26228.5714285714,3,0],[26828.5714285714,2,0]],"lengthInSteps":16,"bpm":175,"changeBPM":false,"mustHitSection":false},{"typeOfSection":0,"sectionNotes":[[28628.5714285714,3,0],[28285.7142857143,0,0],[27435,1,0]],"lengthInSteps":16,"bpm":175,"changeBPM":false,"mustHitSection":false},{"typeOfSection":0,"sectionNotes":[[28971.4285714286,3,0],[29142.8571428571,1,0],[29571.4285714286,2,0]],"lengthInSteps":16,"bpm":175,"changeBPM":false,"mustHitSection":false},{"typeOfSection":0,"sectionNotes":[[30857.1428571429,0,0],[31200,3,0],[30173.5714285714,2,0]],"lengthInSteps":16,"bpm":175,"changeBPM":false,"mustHitSection":true},{"typeOfSection":0,"sectionNotes":[[31714.2857142857,3,0],[32314.2857142857,2,0]],"lengthInSteps":16,"bpm":175,"changeBPM":false,"mustHitSection":true},{"typeOfSection":0,"sectionNotes":[[34114.2857142857,3,0],[33771.4285714286,0,0],[32920.7142857143,1,0]],"lengthInSteps":16,"bpm":175,"changeBPM":true,"mustHitSection":true},{"typeOfSection":0,"sectionNotes":[[34457.1428571429,3,0],[34628.5714285714,1,0],[35057.1428571429,2,0]],"lengthInSteps":16,"bpm":175,"changeBPM":false,"mustHitSection":true},{"typeOfSection":0,"sectionNotes":[[35665.7142857143,2,0],[36342.8571428571,2,0],[36685.7142857143,0,0]],"lengthInSteps":16,"bpm":175,"changeBPM":false,"mustHitSection":false},{"typeOfSection":0,"sectionNotes":[[37037.1428571429,2,0],[37714.2857142857,2,0],[38057.1428571429,0,0]],"lengthInSteps":16,"bpm":175,"changeBPM":false,"mustHitSection":false},{"typeOfSection":0,"sectionNotes":[[38408.5714285714,2,0],[39085.7142857143,2,0],[39428.5714285714,0,0]],"lengthInSteps":16,"bpm":175,"changeBPM":false,"mustHitSection":false},{"typeOfSection":0,"sectionNotes":[[40628.5714285714,3,0],[40114.2857142857,2,0],[39942.8571428571,3,0]],"lengthInSteps":16,"bpm":175,"changeBPM":false,"mustHitSection":false},{"typeOfSection":0,"sectionNotes":[[41151.4285714286,2,0],[41828.5714285714,2,0],[42171.4285714286,0,0]],"lengthInSteps":16,"bpm":175,"changeBPM":false,"mustHitSection":true},{"typeOfSection":0,"sectionNotes":[[42522.8571428571,2,0],[43200,2,0],[43542.8571428571,0,0]],"lengthInSteps":16,"bpm":175,"changeBPM":false,"mustHitSection":true},{"typeOfSection":0,"sectionNotes":[[43894.2857142857,2,0],[44571.4285714286,2,0],[44914.2857142857,0,0]],"lengthInSteps":16,"bpm":175,"changeBPM":false,"mustHitSection":true},{"typeOfSection":0,"sectionNotes":[[45265.7142857143,2,0],[45942.8571428571,2,0],[46285.7142857143,0,0],[46457.1428571429,0,0]],"lengthInSteps":16,"bpm":175,"changeBPM":false,"mustHitSection":true},{"typeOfSection":0,"sectionNotes":[[46637.1428571429,2,0],[47314.2857142857,2,0],[47657.1428571429,0,0]],"lengthInSteps":16,"bpm":175,"changeBPM":false,"mustHitSection":false},{"typeOfSection":0,"sectionNotes":[[48008.5714285714,2,0],[48685.7142857143,2,0],[49028.5714285714,0,0]],"lengthInSteps":16,"bpm":175,"changeBPM":false,"mustHitSection":false},{"typeOfSection":0,"sectionNotes":[[49380,2,0],[50057.1428571429,2,0],[50400,0,0]],"lengthInSteps":16,"bpm":175,"changeBPM":false,"mustHitSection":false},{"typeOfSection":0,"sectionNotes":[[51428.5714285714,2,0],[51771.4285714286,0,0],[50914.2857142857,3,0]],"lengthInSteps":16,"bpm":175,"changeBPM":false,"mustHitSection":false},{"typeOfSection":0,"sectionNotes":[[52122.8571428571,2,0],[52800,2,0],[53142.8571428571,0,0]],"lengthInSteps":16,"bpm":175,"changeBPM":false,"mustHitSection":true},{"typeOfSection":0,"sectionNotes":[[53494.2857142857,2,0],[54171.4285714286,2,0],[54514.2857142857,0,0]],"lengthInSteps":16,"bpm":175,"changeBPM":false,"mustHitSection":true},{"typeOfSection":0,"sectionNotes":[[54865.7142857143,2,0],[55542.8571428571,2,0],[55885.7142857143,0,0]],"lengthInSteps":16,"bpm":175,"changeBPM":false,"mustHitSection":true},{"typeOfSection":0,"sectionNotes":[[56237.1428571429,2,0],[56914.2857142857,2,0],[57257.1428571429,0,0]],"lengthInSteps":16,"bpm":175,"changeBPM":false,"mustHitSection":true},{"typeOfSection":0,"sectionNotes":[[57600,3,0],[58285.7142857143,2,0]],"lengthInSteps":16,"bpm":175,"changeBPM":false,"mustHitSection":false},{"typeOfSection":0,"sectionNotes":[[59742.8571428571,2,0],[58971.4285714286,2,0],[59314.2857142857,3,0]],"lengthInSteps":16,"bpm":175,"changeBPM":false,"mustHitSection":false},{"typeOfSection":0,"sectionNotes":[[61028.5714285714,2,0],[61542.8571428571,0,0],[60347.1428571428,3,0]],"lengthInSteps":16,"bpm":175,"changeBPM":false,"mustHitSection":false},{"typeOfSection":0,"sectionNotes":[[62485.7142857143,2,0],[61714.2857142857,2,0]],"lengthInSteps":16,"bpm":175,"changeBPM":false,"mustHitSection":false},{"typeOfSection":0,"sectionNotes":[[63085.7142857143,3,0],[63771.4285714286,2,0]],"lengthInSteps":16,"bpm":175,"changeBPM":false,"mustHitSection":true},{"typeOfSection":0,"sectionNotes":[[65228.5714285714,2,0],[64457.1428571429,2,0],[64800,3,0]],"lengthInSteps":16,"bpm":175,"changeBPM":false,"mustHitSection":true},{"typeOfSection":0,"sectionNotes":[[66514.2857142857,2,0],[67028.5714285714,0,0],[65832.8571428571,3,0]],"lengthInSteps":16,"bpm":175,"changeBPM":false,"mustHitSection":true},{"typeOfSection":0,"sectionNotes":[[67971.4285714286,2,0],[67200,2,0]],"lengthInSteps":16,"bpm":175,"changeBPM":false,"mustHitSection":true},{"typeOfSection":0,"sectionNotes":[[69257.1428571429,2,0],[68577.8571428571,2,0]],"lengthInSteps":16,"bpm":175,"changeBPM":false,"mustHitSection":false},{"typeOfSection":0,"sectionNotes":[[69951.4285714286,0,0],[70714.2857142857,3,0]],"lengthInSteps":16,"bpm":175,"changeBPM":false,"mustHitSection":false},{"typeOfSection":0,"sectionNotes":[[71314.2857142857,3,0],[71914.2857142857,3,0],[72342.8571428571,0,0]],"lengthInSteps":16,"bpm":175,"changeBPM":false,"mustHitSection":false},{"typeOfSection":0,"sectionNotes":[[72692.1428571428,3,0],[73371.4285714286,2,0]],"lengthInSteps":16,"bpm":175,"changeBPM":false,"mustHitSection":false},{"typeOfSection":0,"sectionNotes":[[74057.1428571429,2,0],[74742.8571428571,2,0]],"lengthInSteps":16,"bpm":175,"changeBPM":false,"mustHitSection":true},{"typeOfSection":0,"sectionNotes":[[75437.1428571429,0,0],[76200,2,0]],"lengthInSteps":16,"bpm":175,"changeBPM":false,"mustHitSection":true},{"typeOfSection":0,"sectionNotes":[[76800,3,0],[77400,3,0],[77828.5714285714,0,0]],"lengthInSteps":16,"bpm":175,"changeBPM":false,"mustHitSection":true},{"typeOfSection":0,"sectionNotes":[[78177.8571428571,3,0],[78857.1428571429,2,0]],"lengthInSteps":16,"bpm":175,"changeBPM":false,"mustHitSection":true},{"typeOfSection":0,"sectionNotes":[[79551.4285714286,2,0],[80228.5714285714,2,0],[80571.4285714286,0,0]],"lengthInSteps":16,"bpm":175,"changeBPM":false,"mustHitSection":false},{"typeOfSection":0,"sectionNotes":[[80922.8571428571,2,0],[81600,2,0],[81942.8571428571,0,0]],"lengthInSteps":16,"bpm":175,"changeBPM":false,"mustHitSection":false},{"typeOfSection":0,"sectionNotes":[[82294.2857142857,2,0],[82971.4285714286,2,0],[83314.2857142857,0,0]],"lengthInSteps":16,"bpm":175,"changeBPM":false,"mustHitSection":false},{"typeOfSection":0,"sectionNotes":[[84514.2857142857,3,0],[84000,2,0]],"lengthInSteps":16,"bpm":175,"changeBPM":false,"mustHitSection":false},{"typeOfSection":0,"sectionNotes":[[85037.1428571428,2,0],[85714.2857142857,2,0],[86057.1428571428,0,0]],"lengthInSteps":16,"bpm":175,"changeBPM":false,"mustHitSection":true},{"typeOfSection":0,"sectionNotes":[[86408.5714285714,2,0],[87085.7142857143,2,0],[87428.5714285714,0,0],[86571.4285714286,3,0]],"lengthInSteps":16,"bpm":175,"changeBPM":false,"mustHitSection":true},{"typeOfSection":0,"sectionNotes":[[87780,2,0],[88457.1428571428,2,0],[88800,0,0]],"lengthInSteps":16,"bpm":175,"changeBPM":false,"mustHitSection":true},{"typeOfSection":0,"sectionNotes":[[89151.4285714286,2,0],[89828.5714285714,2,0],[90171.4285714286,0,0],[90342.8571428571,0,0],[89314.2857142857,3,0]],"lengthInSteps":16,"bpm":175,"changeBPM":false,"mustHitSection":true},{"typeOfSection":0,"sectionNotes":[[90520.7142857143,1,0]],"lengthInSteps":16,"bpm":175,"changeBPM":false,"mustHitSection":true},{"typeOfSection":0,"sectionNotes":[],"lengthInSteps":16,"bpm":175,"changeBPM":false,"mustHitSection":true},{"typeOfSection":0,"sectionNotes":[],"lengthInSteps":16,"bpm":175,"changeBPM":false,"mustHitSection":true},{"typeOfSection":0,"sectionNotes":[],"lengthInSteps":16,"bpm":175,"changeBPM":false,"mustHitSection":true},{"typeOfSection":0,"sectionNotes":[],"lengthInSteps":16,"bpm":175,"changeBPM":false,"mustHitSection":true},{"typeOfSection":0,"sectionNotes":[],"lengthInSteps":16,"bpm":175,"changeBPM":false,"mustHitSection":true},{"typeOfSection":0,"sectionNotes":[],"lengthInSteps":16,"bpm":175,"changeBPM":false,"mustHitSection":true},{"typeOfSection":0,"sectionNotes":[],"lengthInSteps":16,"bpm":175,"changeBPM":false,"mustHitSection":true},{"typeOfSection":0,"sectionNotes":[],"lengthInSteps":16,"bpm":175,"changeBPM":false,"mustHitSection":true},{"typeOfSection":0,"sectionNotes":[],"lengthInSteps":16,"bpm":175,"changeBPM":false,"mustHitSection":true},{"lengthInSteps":16,"altAnim":false,"typeOfSection":0,"sectionNotes":[],"bpm":175,"changeBPM":false,"mustHitSection":true}],"song":"Philly","stage":"philly","validScore":true,"sections":0,"needsVoices":true,"speed":1,"bpm":175}}