{"song":{"sectionLengths":[],"player1":"bf-car","gfVersion":"gf-car","player2":"mom-car","notes":[{"typeOfSection":0,"sectionNotes":[],"lengthInSteps":16,"bpm":95,"changeBPM":false,"mustHitSection":true},{"typeOfSection":0,"sectionNotes":[],"lengthInSteps":16,"bpm":95,"changeBPM":false,"mustHitSection":true},{"typeOfSection":0,"sectionNotes":[[2666.66666666667,1,0],[3333.33333333333,1,0],[3583.33333333333,2,157.894736842105],[3833.33333333333,1,0]],"lengthInSteps":16,"bpm":180,"changeBPM":false,"mustHitSection":false},{"typeOfSection":0,"sectionNotes":[[4166.66666666667,1,0],[4666.66666666667,3,0],[4833.33333333333,1,0],[5166.66666666667,1,0]],"lengthInSteps":16,"bpm":180,"changeBPM":false,"mustHitSection":false},{"typeOfSection":0,"sectionNotes":[[5333.33333333333,1,0],[6000,1,0],[6083.33333333333,0,0],[6500,1,0]],"lengthInSteps":16,"bpm":180,"changeBPM":false,"mustHitSection":false},{"typeOfSection":0,"sectionNotes":[[6833.33333333333,1,0],[7500,1,0]],"lengthInSteps":16,"bpm":180,"changeBPM":false,"mustHitSection":false},{"typeOfSection":0,"sectionNotes":[[8000,1,0],[8666.66666666667,1,0],[8916.66666666667,2,157.894736842105],[9166.66666666667,1,0]],"lengthInSteps":16,"bpm":180,"changeBPM":false,"mustHitSection":true},{"typeOfSection":0,"sectionNotes":[[9500,1,0],[10000,3,0],[10166.6666666667,1,0],[10500,1,0]],"lengthInSteps":16,"bpm":180,"changeBPM":false,"mustHitSection":true},{"typeOfSection":0,"sectionNotes":[[10666.6666666667,1,0],[11333.3333333333,1,0],[11416.6666666667,0,0],[11833.3333333333,1,0]],"lengthInSteps":16,"bpm":180,"changeBPM":false,"mustHitSection":true},{"typeOfSection":0,"sectionNotes":[[12166.6666666667,1,0],[12833.3333333333,1,0]],"lengthInSteps":16,"bpm":180,"changeBPM":false,"mustHitSection":true},{"typeOfSection":0,"sectionNotes":[[13333.3333333333,2,666.666666666667],[14333.3333333333,1,0],[14500,3,416.666666666667]],"lengthInSteps":16,"bpm":180,"changeBPM":false,"mustHitSection":false},{"typeOfSection":0,"sectionNotes":[[15250,2,166.666666666667],[15833.3333333333,1,250],[15500,0,0]],"lengthInSteps":16,"bpm":180,"changeBPM":false,"mustHitSection":false},{"typeOfSection":0,"sectionNotes":[[16333.3333333333,1,250],[16666.6666666667,2,333.333333333333],[17000,0,0]],"lengthInSteps":16,"bpm":180,"changeBPM":false,"mustHitSection":false},{"typeOfSection":0,"sectionNotes":[[17333.3333333333,3,0],[17666.6666666667,0,0],[18000,3,0],[18333.3333333333,0,0],[18500,1,0]],"lengthInSteps":16,"bpm":180,"changeBPM":false,"mustHitSection":false},{"typeOfSection":0,"sectionNotes":[[18666.6666666667,2,666.666666666667],[19666.6666666667,1,0],[19833.3333333333,3,416.666666666667]],"lengthInSteps":16,"bpm":180,"changeBPM":false,"mustHitSection":true},{"typeOfSection":0,"sectionNotes":[[20583.3333333333,2,166.666666666667],[21166.6666666667,1,250],[20833.3333333333,0,0]],"lengthInSteps":16,"bpm":180,"changeBPM":false,"mustHitSection":true},{"typeOfSection":0,"sectionNotes":[[21666.6666666667,1,250],[22000,2,333.333333333333],[22333.3333333333,0,0]],"lengthInSteps":16,"bpm":180,"changeBPM":false,"mustHitSection":true},{"typeOfSection":0,"sectionNotes":[[22666.6666666667,3,0],[23000,0,0],[23333.3333333333,3,0],[23666.6666666667,0,0],[23833.3333333333,1,0]],"lengthInSteps":16,"bpm":180,"changeBPM":false,"mustHitSection":true},{"typeOfSection":0,"sectionNotes":[[24000,1,0],[24250,3,0],[25166.6666666667,0,0],[24666.6666666667,1,0],[24833.3333333333,1,0]],"lengthInSteps":16,"bpm":180,"changeBPM":false,"mustHitSection":false},{"typeOfSection":0,"sectionNotes":[[25833.3333333333,1,0],[26500,3,0],[25500,2,0],[26083.3333333333,1,0]],"lengthInSteps":16,"bpm":180,"changeBPM":false,"mustHitSection":false},{"typeOfSection":0,"sectionNotes":[[26666.6666666667,1,0],[27166.6666666667,3,0],[27416.6666666667,1,0],[27583.3333333333,1,0],[27833.3333333333,2,250]],"lengthInSteps":16,"bpm":180,"changeBPM":false,"mustHitSection":false},{"typeOfSection":0,"sectionNotes":[[28166.6666666667,2,0],[28333.3333333333,3,83.3333333333333],[29166.6666666667,3,0],[28750,0,0]],"lengthInSteps":16,"bpm":180,"changeBPM":false,"mustHitSection":false},{"typeOfSection":0,"sectionNotes":[[29333.3333333333,1,0],[29583.3333333333,3,0],[30500,0,0],[30000,1,0],[30166.6666666667,1,0]],"lengthInSteps":16,"bpm":180,"changeBPM":false,"mustHitSection":true},{"typeOfSection":0,"sectionNotes":[[31166.6666666667,1,0],[31833.3333333333,3,0],[30833.3333333333,2,0],[31416.6666666667,1,0],[31083.3333333333,3,0]],"lengthInSteps":16,"bpm":180,"changeBPM":false,"mustHitSection":true},{"typeOfSection":0,"sectionNotes":[[32000,1,0],[32500,3,0],[32750,1,0],[32916.6666666667,1,0],[33166.6666666667,2,250]],"lengthInSteps":16,"bpm":180,"changeBPM":false,"mustHitSection":true},{"typeOfSection":0,"sectionNotes":[[33500,2,0],[33666.6666666667,3,83.3333333333333],[34500,3,0],[34083.3333333333,0,0]],"lengthInSteps":16,"bpm":180,"changeBPM":false,"mustHitSection":true},{"typeOfSection":0,"sectionNotes":[[34666.6666666667,2,666.666666666667],[35666.6666666667,1,0],[35833.3333333333,3,416.666666666667]],"lengthInSteps":16,"bpm":180,"changeBPM":false,"mustHitSection":false},{"typeOfSection":0,"sectionNotes":[[36583.3333333333,2,166.666666666667],[36833.3333333333,0,0],[37166.6666666667,1,250]],"lengthInSteps":16,"bpm":180,"changeBPM":false,"mustHitSection":false},{"typeOfSection":0,"sectionNotes":[[37500,0,0],[38333.3333333333,0,0],[37333.3333333333,2,0],[37666.6666666667,3,0],[38000,2,0],[38166.6666666667,3,0],[38500,3,0]],"lengthInSteps":16,"bpm":180,"changeBPM":false,"mustHitSection":false},{"typeOfSection":0,"sectionNotes":[[38666.6666666667,2,0],[39000,2,0],[39166.6666666667,0,0],[39666.6666666667,1,250],[39333.3333333333,2,250]],"lengthInSteps":16,"bpm":180,"changeBPM":false,"mustHitSection":false},{"typeOfSection":0,"sectionNotes":[[40000,2,666.666666666667],[41000,1,0],[41166.6666666667,3,416.666666666667]],"lengthInSteps":16,"bpm":180,"changeBPM":false,"mustHitSection":true},{"typeOfSection":0,"sectionNotes":[[41916.6666666667,2,166.666666666667],[42166.6666666667,0,0],[42500,1,250]],"lengthInSteps":16,"bpm":180,"changeBPM":false,"mustHitSection":true},{"typeOfSection":0,"sectionNotes":[[42833.3333333333,0,0],[43666.6666666667,0,0],[42666.6666666667,2,0],[43000,3,0],[43333.3333333333,2,0],[43500,3,0],[43833.3333333333,3,0]],"lengthInSteps":16,"bpm":180,"changeBPM":false,"mustHitSection":true},{"typeOfSection":0,"sectionNotes":[[44000,2,0],[44333.3333333333,2,0],[44500,0,0],[45000,1,250],[44666.6666666667,2,250]],"lengthInSteps":16,"bpm":180,"changeBPM":false,"mustHitSection":true},{"typeOfSection":0,"sectionNotes":[[45333.3333333333,2,666.666666666667],[46333.3333333333,1,0],[46500,3,416.666666666667]],"lengthInSteps":16,"bpm":180,"changeBPM":false,"mustHitSection":false},{"typeOfSection":0,"sectionNotes":[[47250,2,166.666666666667],[47833.3333333333,1,250],[47500,0,0]],"lengthInSteps":16,"bpm":180,"changeBPM":false,"mustHitSection":false},{"typeOfSection":0,"sectionNotes":[[48333.3333333333,1,250],[48666.6666666667,2,333.333333333333],[49000,0,0]],"lengthInSteps":16,"bpm":180,"changeBPM":false,"mustHitSection":false},{"typeOfSection":0,"sectionNotes":[[49333.3333333333,3,0],[49666.6666666667,0,0],[50000,3,0],[50333.3333333333,0,0],[50500,1,0]],"lengthInSteps":16,"bpm":180,"changeBPM":false,"mustHitSection":false},{"typeOfSection":0,"sectionNotes":[[50666.6666666667,2,666.666666666667],[51666.6666666667,1,0],[51833.3333333333,3,416.666666666667]],"lengthInSteps":16,"bpm":180,"changeBPM":false,"mustHitSection":true},{"typeOfSection":0,"sectionNotes":[[52583.3333333333,2,166.666666666667],[53166.6666666667,1,250],[52833.3333333333,0,0]],"lengthInSteps":16,"bpm":180,"changeBPM":false,"mustHitSection":true},{"typeOfSection":0,"sectionNotes":[[53666.6666666667,1,250],[54000,2,333.333333333333],[54333.3333333333,0,0]],"lengthInSteps":16,"bpm":180,"changeBPM":false,"mustHitSection":true},{"typeOfSection":0,"sectionNotes":[[54666.6666666667,3,0],[55000,0,0],[55333.3333333333,3,0],[55666.6666666667,0,0],[55833.3333333333,1,0],[54666.6666666667,7,0],[55000,4,0],[55333.3333333333,7,0],[55666.6666666667,4,0],[55833.3333333333,5,0]],"lengthInSteps":16,"bpm":180,"changeBPM":false,"mustHitSection":true},{"typeOfSection":0,"sectionNotes":[[56000,0,0],[56333.3333333333,3,0],[56750,3,0],[56916.6666666667,1,0],[57083.3333333333,3,0],[57166.6666666667,1,0]],"lengthInSteps":16,"bpm":180,"changeBPM":false,"mustHitSection":false},{"typeOfSection":0,"sectionNotes":[[57333.3333333333,0,0],[57666.6666666667,3,0],[58083.3333333333,3,0],[58333.3333333333,0,0],[58416.6666666667,3,0]],"lengthInSteps":16,"bpm":180,"changeBPM":false,"mustHitSection":false},{"typeOfSection":0,"sectionNotes":[[58750,3,0],[59416.6666666667,3,0],[58666.6666666667,2,0],[59000,2,0],[59333.3333333333,2,0],[59666.6666666667,2,0]],"lengthInSteps":16,"bpm":180,"changeBPM":false,"mustHitSection":false},{"typeOfSection":0,"sectionNotes":[[60083.3333333333,3,0],[60000,2,0],[60333.3333333333,2,0],[60583.3333333333,2,0],[61000,2,0],[60666.6666666667,3,0]],"lengthInSteps":16,"bpm":180,"changeBPM":false,"mustHitSection":false},{"typeOfSection":0,"sectionNotes":[[61333.3333333333,0,0],[61666.6666666667,3,0],[62083.3333333333,3,0],[62250,1,0],[62416.6666666667,3,0],[62500,1,0]],"lengthInSteps":16,"bpm":180,"changeBPM":false,"mustHitSection":true},{"typeOfSection":0,"sectionNotes":[[62666.6666666667,0,0],[63000,3,0],[63416.6666666667,3,0],[63666.6666666667,0,0],[63750,3,0]],"lengthInSteps":16,"bpm":180,"changeBPM":false,"mustHitSection":true},{"typeOfSection":0,"sectionNotes":[[64083.3333333333,3,0],[64750,3,0],[64000,2,0],[64333.3333333333,2,0],[64666.6666666667,2,0],[65000,2,0]],"lengthInSteps":16,"bpm":180,"changeBPM":false,"mustHitSection":true},{"typeOfSection":0,"sectionNotes":[[65416.6666666667,3,0],[65333.3333333333,2,0],[65666.6666666667,2,0],[65916.6666666667,2,0],[66333.3333333333,2,0],[66000,3,0]],"lengthInSteps":16,"bpm":180,"changeBPM":false,"mustHitSection":true},{"typeOfSection":0,"sectionNotes":[[66916.6666666667,3,0],[67833.3333333333,0,0],[67333.3333333333,1,0],[67500,1,0],[66668.75,1,0]],"lengthInSteps":16,"bpm":180,"changeBPM":false,"mustHitSection":false},{"typeOfSection":0,"sectionNotes":[[68500,1,0],[69166.6666666667,3,0],[68166.6666666667,2,0],[68750,1,0]],"lengthInSteps":16,"bpm":180,"changeBPM":false,"mustHitSection":false},{"typeOfSection":0,"sectionNotes":[[69333.3333333333,1,0],[69833.3333333333,3,0],[70083.3333333333,1,0],[70250,1,0],[70500,2,250]],"lengthInSteps":16,"bpm":180,"changeBPM":false,"mustHitSection":false},{"typeOfSection":0,"sectionNotes":[[70833.3333333333,2,0],[71000,3,83.3333333333333],[71833.3333333333,3,0],[71416.6666666667,0,0]],"lengthInSteps":16,"bpm":180,"changeBPM":false,"mustHitSection":false},{"typeOfSection":0,"sectionNotes":[[72000,1,0],[72250,3,0],[73166.6666666667,0,0],[72666.6666666667,1,0],[72833.3333333333,1,0]],"lengthInSteps":16,"bpm":180,"changeBPM":false,"mustHitSection":true},{"typeOfSection":0,"sectionNotes":[[73833.3333333333,1,0],[74500,3,0],[73500,2,0],[74083.3333333333,1,0],[73750,3,0]],"lengthInSteps":16,"bpm":180,"changeBPM":false,"mustHitSection":true},{"typeOfSection":0,"sectionNotes":[[74666.6666666667,1,0],[75166.6666666667,3,0],[75416.6666666667,1,0],[75583.3333333333,1,0],[75833.3333333333,2,250]],"lengthInSteps":16,"bpm":180,"changeBPM":false,"mustHitSection":true},{"typeOfSection":0,"sectionNotes":[[76166.6666666667,2,0],[76333.3333333333,3,83.3333333333333],[77166.6666666667,3,0],[76750,0,0]],"lengthInSteps":16,"bpm":180,"changeBPM":false,"mustHitSection":true},{"typeOfSection":0,"sectionNotes":[[77333.3333333333,2,666.666666666667],[78333.3333333333,1,0],[78500,3,0],[77333.3333333333,6,666.666666666667],[78333.3333333333,4,0],[78500,6,0]],"lengthInSteps":16,"bpm":180,"changeBPM":false,"mustHitSection":false},{"typeOfSection":0,"sectionNotes":[[79250,2,166.666666666667],[79833.3333333333,1,250],[78666.6666666667,0,166.666666666667],[79000,1,0],[79666.6666666667,0,0],[78666.6666666667,6,166.666666666667],[79000,7,0],[79250,5,166.666666666667],[79666.6666666667,7,0],[79833.3333333333,5,0]],"lengthInSteps":16,"bpm":180,"changeBPM":false,"mustHitSection":false},{"typeOfSection":0,"sectionNotes":[[81000,0,0],[80000,2,0],[80333.3333333333,3,0],[80500,0,0],[80833.3333333333,3,0],[81166.6666666667,3,0],[80000,6,0],[80333.3333333333,7,0],[80500,4,0],[80833.3333333333,7,0],[81000,4,0],[81166.6666666667,7,0]],"lengthInSteps":16,"bpm":180,"changeBPM":false,"mustHitSection":false},{"typeOfSection":0,"sectionNotes":[[81333.3333333333,2,0],[81666.6666666667,2,0],[81833.3333333333,0,0],[82333.3333333333,1,250],[82000,2,250],[81333.3333333333,6,0],[81666.6666666667,6,0],[81833.3333333333,4,0],[82000,6,250],[82333.3333333333,5,250]],"lengthInSteps":16,"bpm":180,"changeBPM":false,"mustHitSection":false},{"typeOfSection":0,"sectionNotes":[[83666.6666666667,1,0],[83833.3333333333,3,0],[82666.6666666667,2,500],[82666.6666666667,4,166.666666666667],[83000,5,166.666666666667],[83333.3333333333,7,166.666666666667],[83666.6666666667,5,166.666666666667]],"lengthInSteps":16,"bpm":180,"changeBPM":false,"mustHitSection":false},{"typeOfSection":0,"sectionNotes":[[84583.3333333333,2,166.666666666667],[85166.6666666667,1,250],[85000,0,0],[84002.0833333333,0,166.666666666667],[84000,6,166.666666666667],[85000,5,250],[84583.3333333333,7,250],[84333.3333333333,1,0],[84333.3333333333,5,208.333333333333]],"lengthInSteps":16,"bpm":180,"changeBPM":false,"mustHitSection":false},{"typeOfSection":0,"sectionNotes":[[85500,0,0],[86333.3333333333,0,0],[85333.3333333333,2,0],[85666.6666666667,3,0],[85833.3333333333,0,0],[86000,2,0],[86166.6666666667,3,0],[86500,3,0],[85333.3333333333,5,208.333333333333],[85666.6666666667,7,250],[86000,4,208.333333333333],[86333.3333333333,7,250]],"lengthInSteps":16,"bpm":180,"changeBPM":false,"mustHitSection":false},{"typeOfSection":0,"sectionNotes":[[86666.6666666667,2,0],[86833.3333333333,3,0],[87000,2,0],[87166.6666666667,0,0],[87666.6666666667,1,250],[87333.3333333333,2,250],[86666.6666666667,6,333.333333333333],[87000,7,250],[87333.3333333333,6,250],[87666.6666666667,5,250]],"lengthInSteps":16,"bpm":180,"changeBPM":false,"mustHitSection":true},{"typeOfSection":0,"sectionNotes":[[88000,1,0],[88333.3333333333,1,0],[88666.6666666667,1,0],[88916.6666666667,2,157.894736842105],[89166.6666666667,1,0],[88000,5,0],[88333.3333333333,5,0]],"lengthInSteps":16,"bpm":180,"changeBPM":false,"mustHitSection":false},{"typeOfSection":0,"sectionNotes":[[89500,1,0],[89833.3333333333,1,0],[90166.6666666667,3,0],[90333.3333333333,2,0]],"lengthInSteps":16,"bpm":180,"changeBPM":false,"mustHitSection":false},{"typeOfSection":0,"sectionNotes":[[90666.6666666667,1,0],[91000,1,0],[91333.3333333333,1,0],[91416.6666666667,0,0],[91666.6666666667,2,0]],"lengthInSteps":16,"bpm":180,"changeBPM":false,"mustHitSection":false},{"typeOfSection":0,"sectionNotes":[[92666.6666666667,3,0],[93000,2,0],[93083.3333333333,3,0],[93166.6666666667,0,0],[92000,0,0],[92333.3333333333,2,0]],"lengthInSteps":16,"bpm":180,"changeBPM":false,"mustHitSection":false},{"typeOfSection":0,"sectionNotes":[[93333.3333333333,1,0],[93666.6666666667,1,0],[94000,1,0],[94500,1,0],[94333.3333333333,2,0],[93333.3333333333,5,0],[93666.6666666667,5,0],[94000,5,0],[94166.6666666667,7,0],[94333.3333333333,6,0],[94500,5,0],[94166.6666666667,3,0]],"lengthInSteps":16,"bpm":180,"changeBPM":false,"mustHitSection":true},{"typeOfSection":0,"sectionNotes":[[94833.3333333333,1,0],[95166.6666666667,1,0],[95666.6666666667,2,0],[95583.3333333333,3,0],[94833.3333333333,5,0],[95166.6666666667,5,0],[95583.3333333333,7,0],[95666.6666666667,6,0]],"lengthInSteps":16,"bpm":180,"changeBPM":false,"mustHitSection":true},{"typeOfSection":0,"sectionNotes":[[96000,1,0],[96333.3333333333,1,0],[96666.6666666667,1,0],[96750,0,0],[97000,2,0],[96000,5,0],[96333.3333333333,5,0],[96666.6666666667,5,0],[96750,4,0],[97000,6,0]],"lengthInSteps":16,"bpm":180,"changeBPM":false,"mustHitSection":true},{"typeOfSection":0,"sectionNotes":[[98000,3,0],[98333.3333333333,2,0],[98416.6666666667,3,0],[98500,0,0],[97333.3333333333,0,0],[97666.6666666667,2,0],[97333.3333333333,4,0],[97666.6666666667,6,0],[98000,7,0],[98333.3333333333,6,0],[98416.6666666667,7,0],[98500,4,0]],"lengthInSteps":16,"bpm":180,"changeBPM":false,"mustHitSection":true},{"typeOfSection":0,"sectionNotes":[[98666.6666666667,2,666.666666666667],[99666.6666666667,1,0],[99833.3333333333,3,0],[98666.6666666667,6,583.333333333333]],"lengthInSteps":16,"bpm":180,"changeBPM":false,"mustHitSection":false},{"typeOfSection":0,"sectionNotes":[[100583.333333333,2,166.666666666667],[100833.333333333,0,0],[101166.666666667,1,250]],"lengthInSteps":16,"bpm":180,"changeBPM":false,"mustHitSection":false},{"typeOfSection":0,"sectionNotes":[[101500,0,0],[101666.666666667,1,250],[102000,2,333.333333333333],[102333.333333333,0,0]],"lengthInSteps":16,"bpm":180,"changeBPM":false,"mustHitSection":false},{"typeOfSection":0,"sectionNotes":[[102666.666666667,3,0],[102916.666666667,2,0],[103333.333333333,3,0],[103500,2,0],[103666.666666667,0,0],[103833.333333333,1,0],[103500,2,0],[103833.333333333,1,0],[103666.666666667,0,0],[103333.333333333,3,0],[102916.666666667,2,0],[102666.666666667,3,0]],"lengthInSteps":16,"bpm":180,"changeBPM":false,"mustHitSection":false},{"typeOfSection":0,"sectionNotes":[[104000,2,666.666666666667],[105000,1,0],[105166.666666667,3,416.666666666667],[104000,6,666.666666666667]],"lengthInSteps":16,"bpm":180,"changeBPM":false,"mustHitSection":true},{"typeOfSection":0,"sectionNotes":[[105916.666666667,2,166.666666666667],[106166.666666667,0,0],[106500,1,250]],"lengthInSteps":16,"bpm":180,"changeBPM":false,"mustHitSection":true},{"typeOfSection":0,"sectionNotes":[[106833.333333333,0,0],[107000,1,250],[107333.333333333,2,333.333333333333],[107666.666666667,0,0]],"lengthInSteps":16,"bpm":180,"changeBPM":false,"mustHitSection":true},{"typeOfSection":0,"sectionNotes":[[108333.333333333,0,0],[108833.333333333,2,0],[109000,0,0],[108666.666666667,3,0],[108500,1,0],[108000,3,0]],"lengthInSteps":16,"bpm":180,"changeBPM":false,"mustHitSection":true},{"typeOfSection":0,"sectionNotes":[[109583.333333333,3,0],[110500,0,0],[110000,1,0],[110166.666666667,1,0],[109335.416666667,1,0]],"lengthInSteps":16,"bpm":180,"changeBPM":false,"mustHitSection":false},{"typeOfSection":0,"sectionNotes":[[111166.666666667,1,0],[111833.333333333,3,0],[110833.333333333,2,0],[111416.666666667,1,0]],"lengthInSteps":16,"bpm":180,"changeBPM":false,"mustHitSection":false},{"typeOfSection":0,"sectionNotes":[[112000,1,0],[112500,3,0],[112750,1,0],[112916.666666667,1,0],[113166.666666667,2,250]],"lengthInSteps":16,"bpm":180,"changeBPM":false,"mustHitSection":false},{"typeOfSection":0,"sectionNotes":[[113500,2,0],[113666.666666667,3,83.3333333333333],[114500,3,0],[114083.333333333,0,0]],"lengthInSteps":16,"bpm":180,"changeBPM":false,"mustHitSection":false},{"typeOfSection":0,"sectionNotes":[[114666.666666667,1,0],[114916.666666667,3,0],[115833.333333333,0,0],[115333.333333333,1,0],[115500,1,0]],"lengthInSteps":16,"bpm":180,"changeBPM":false,"mustHitSection":true},{"typeOfSection":0,"sectionNotes":[[116500,1,0],[117166.666666667,3,0],[116166.666666667,2,0],[116750,1,0],[116416.666666667,3,0]],"lengthInSteps":16,"bpm":180,"changeBPM":false,"mustHitSection":true},{"typeOfSection":0,"sectionNotes":[[117833.333333333,3,0],[118083.333333333,1,0],[118250,1,0],[118500,2,250],[117341.666666667,1,0]],"lengthInSteps":16,"bpm":180,"changeBPM":false,"mustHitSection":true},{"typeOfSection":0,"sectionNotes":[[118833.333333333,2,0],[119000,3,83.3333333333333],[119833.333333333,3,0],[119416.666666667,0,0]],"lengthInSteps":16,"bpm":180,"changeBPM":false,"mustHitSection":true},{"typeOfSection":0,"sectionNotes":[[120000,2,750]],"lengthInSteps":16,"bpm":180,"changeBPM":false,"mustHitSection":true},{"typeOfSection":0,"sectionNotes":[],"lengthInSteps":16,"bpm":180,"changeBPM":false,"mustHitSection":true},{"typeOfSection":0,"sectionNotes":[],"lengthInSteps":16,"bpm":180,"changeBPM":false,"mustHitSection":true},{"typeOfSection":0,"sectionNotes":[],"lengthInSteps":16,"bpm":180,"changeBPM":false,"mustHitSection":true},{"typeOfSection":0,"sectionNotes":[],"lengthInSteps":16,"bpm":180,"changeBPM":false,"mustHitSection":true},{"typeOfSection":0,"sectionNotes":[],"lengthInSteps":16,"bpm":180,"changeBPM":false,"mustHitSection":true},{"typeOfSection":0,"sectionNotes":[],"lengthInSteps":16,"bpm":180,"changeBPM":false,"mustHitSection":true},{"typeOfSection":0,"sectionNotes":[],"lengthInSteps":16,"bpm":180,"changeBPM":false,"mustHitSection":true},{"typeOfSection":0,"sectionNotes":[],"lengthInSteps":16,"bpm":180,"changeBPM":false,"mustHitSection":true},{"lengthInSteps":16,"altAnim":false,"typeOfSection":0,"sectionNotes":[],"bpm":180,"changeBPM":false,"mustHitSection":true}],"song":"Milf","stage":"limo","validScore":true,"sections":0,"needsVoices":true,"speed":1.4,"bpm":180}}