{"song":{"player1":"bf-pixel","sectionLengths":[],"notes":[{"lengthInSteps":16,"sectionNotes":[[500,3,0],[750,1,0],[1000,0,250],[1375,1,0],[1875,2,0]],"typeOfSection":0,"altAnim":false,"mustHitSection":false,"changeBPM":false,"bpm":150},{"lengthInSteps":16,"sectionNotes":[[3625,0,0],[2125,2,0],[2375,2,0],[2500,0,0],[2750,0,0],[2625,1,0],[3000,3,250],[3375,3,0],[3875,1,0]],"typeOfSection":0,"altAnim":false,"mustHitSection":false,"changeBPM":false,"bpm":150},{"lengthInSteps":16,"sectionNotes":[[4500,3,0],[4750,1,0],[5000,0,250],[5375,1,0],[5875,2,0]],"typeOfSection":0,"altAnim":false,"mustHitSection":true,"changeBPM":false,"bpm":150},{"lengthInSteps":16,"sectionNotes":[[7625,0,0],[6125,2,0],[6375,2,0],[6500,0,0],[6750,0,0],[6625,1,0],[7000,3,250],[7375,3,0],[7875,1,0]],"typeOfSection":0,"altAnim":false,"mustHitSection":true,"changeBPM":false,"bpm":150},{"lengthInSteps":16,"sectionNotes":[[8000,2,125],[8250,3,0],[8500,2,0],[8625,1,0],[8750,0,0],[8875,3,250],[9250,1,0],[9500,0,0],[9750,1,0],[9875,3,250]],"typeOfSection":0,"altAnim":false,"mustHitSection":false,"changeBPM":false,"bpm":150},{"lengthInSteps":16,"sectionNotes":[[10250,1,0],[10500,3,0],[10750,2,0],[10875,3,250],[11250,1,0],[11500,0,0],[11750,3,0]],"typeOfSection":0,"altAnim":false,"mustHitSection":false,"changeBPM":false,"bpm":150},{"lengthInSteps":16,"sectionNotes":[[12000,2,125],[12250,3,0],[12500,2,0],[12625,1,0],[12750,0,0],[12875,3,250],[13250,1,0],[13500,0,0],[13750,1,0],[13875,3,250]],"typeOfSection":0,"altAnim":false,"mustHitSection":true,"changeBPM":false,"bpm":120},{"lengthInSteps":16,"sectionNotes":[[14250,1,0],[14500,3,0],[14750,2,0],[14875,3,250],[15250,1,0],[15500,0,0],[15750,3,0]],"typeOfSection":0,"altAnim":false,"mustHitSection":true,"changeBPM":false,"bpm":120},{"lengthInSteps":16,"sectionNotes":[[16500,0,0],[16625,2,0],[16750,0,0],[16875,2,0],[17000,3,125],[17250,1,0],[17500,0,0],[17750,3,0]],"typeOfSection":0,"altAnim":false,"mustHitSection":false,"changeBPM":false,"bpm":120},{"lengthInSteps":16,"sectionNotes":[[18000,0,0],[18250,3,0],[18500,0,0],[18750,2,0],[19000,3,0],[19250,1,0],[19500,0,0],[19750,3,0]],"typeOfSection":0,"altAnim":false,"mustHitSection":false,"changeBPM":false,"bpm":120},{"lengthInSteps":16,"sectionNotes":[[20500,0,0],[20625,2,0],[20750,0,0],[20875,2,0],[21000,3,125],[21250,1,0],[21500,0,0],[21750,3,0]],"typeOfSection":0,"altAnim":false,"mustHitSection":true,"changeBPM":false,"bpm":120},{"lengthInSteps":16,"sectionNotes":[[22000,0,0],[22250,3,0],[22500,0,0],[22750,2,0],[23000,3,0],[23250,1,0],[23500,0,0],[23750,3,0]],"typeOfSection":0,"altAnim":false,"mustHitSection":true,"changeBPM":false,"bpm":120},{"lengthInSteps":16,"sectionNotes":[[24000,2,0],[24250,0,0],[24375,1,0],[24625,0,0],[24750,3,0],[25000,3,0],[25250,1,0],[25375,3,0],[25625,0,0],[25750,3,0],[25875,1,0]],"typeOfSection":0,"altAnim":false,"mustHitSection":false,"changeBPM":false,"bpm":120},{"lengthInSteps":16,"sectionNotes":[[26000,2,0],[26000,2,0],[26250,0,0],[26375,1,0],[26625,0,0],[26750,3,0],[27000,3,0],[27250,1,0],[27375,3,0],[27625,0,0],[27750,3,0]],"typeOfSection":0,"altAnim":false,"mustHitSection":false,"changeBPM":false,"bpm":120},{"lengthInSteps":16,"sectionNotes":[[28000,2,0],[28250,0,0],[28375,1,0],[28625,0,0],[28750,3,0],[29000,3,0],[29250,1,0],[29375,3,0],[29625,0,0],[29750,3,0],[29875,1,0]],"typeOfSection":0,"altAnim":false,"mustHitSection":true,"changeBPM":false,"bpm":120},{"lengthInSteps":16,"sectionNotes":[[30000,2,0],[30000,2,0],[30250,0,0],[30375,1,0],[30625,0,0],[30750,3,0],[31000,3,0],[31250,1,0],[31375,3,0],[31625,0,0],[31750,3,0]],"typeOfSection":0,"altAnim":false,"mustHitSection":true,"changeBPM":false,"bpm":120},{"lengthInSteps":16,"sectionNotes":[[32000,0,0],[32250,1,0],[32375,0,0],[32500,3,0],[32750,1,0],[33000,2,0],[33250,1,0],[33375,3,0],[33625,1,0],[33750,0,0]],"typeOfSection":0,"altAnim":false,"mustHitSection":false,"changeBPM":false,"bpm":120},{"lengthInSteps":16,"sectionNotes":[[34000,1,0],[34250,1,0],[34375,0,0],[34500,3,0],[34750,1,0],[35000,2,0],[35250,1,0],[35375,3,0],[35625,1,0],[35750,0,0]],"typeOfSection":0,"altAnim":false,"mustHitSection":false,"changeBPM":false,"bpm":120},{"lengthInSteps":16,"sectionNotes":[[36000,0,0],[36250,1,0],[36375,0,0],[36500,3,0],[36750,1,0],[37000,2,0],[37250,1,0],[37375,3,0],[37625,1,0],[37750,0,0]],"typeOfSection":0,"altAnim":false,"mustHitSection":true,"changeBPM":false,"bpm":120},{"lengthInSteps":16,"sectionNotes":[[38000,1,0],[38250,1,0],[38375,0,0],[38500,3,0],[38750,1,0],[39000,2,0],[39250,1,0],[39375,3,0],[39625,1,0],[39750,0,0]],"typeOfSection":0,"altAnim":false,"mustHitSection":true,"changeBPM":false,"bpm":120},{"lengthInSteps":16,"sectionNotes":[[40000,1,0],[40125,0,0],[40250,0,0],[40375,3,0],[40500,2,0],[40625,2,0],[40750,3,0],[41000,2,0],[41250,0,0],[41375,1,0],[41500,1,0],[41625,1,0],[41750,3,0]],"typeOfSection":0,"altAnim":false,"mustHitSection":false,"changeBPM":false,"bpm":120},{"lengthInSteps":16,"sectionNotes":[[42000,1,0],[42250,0,0],[42375,3,0],[42500,2,0],[42625,2,0],[42750,3,0],[43000,2,0],[43250,0,0],[43375,3,0],[43625,1,0],[43750,3,0]],"typeOfSection":0,"altAnim":false,"mustHitSection":false,"changeBPM":false,"bpm":120},{"lengthInSteps":16,"sectionNotes":[[44000,1,0],[44125,0,0],[44250,0,0],[44375,3,0],[44500,2,0],[44625,2,0],[44750,3,0],[45000,2,0],[45250,0,0],[45375,1,0],[45500,1,0],[45625,1,0],[45750,3,0]],"typeOfSection":0,"altAnim":false,"mustHitSection":true,"changeBPM":false,"bpm":120},{"lengthInSteps":16,"sectionNotes":[[46000,1,0],[46250,0,0],[46375,3,0],[46500,2,0],[46625,2,0],[46750,3,0],[47000,2,0],[47250,0,0],[47375,3,0],[47625,1,0],[47750,3,0]],"typeOfSection":0,"altAnim":false,"mustHitSection":true,"changeBPM":false,"bpm":120},{"lengthInSteps":16,"sectionNotes":[[48000,2,0],[48125,3,0],[48250,2,0],[48375,0,0],[48625,0,0],[48500,2,0],[48875,0,0],[49000,2,0],[48750,3,0],[49125,3,0],[49250,1,0],[49375,3,0],[49500,0,375]],"typeOfSection":0,"altAnim":false,"mustHitSection":false,"changeBPM":false,"bpm":120},{"lengthInSteps":16,"sectionNotes":[[50000,2,0],[50125,3,0],[50250,2,0],[50375,0,0],[50625,0,0],[50875,0,0],[51000,2,0],[50500,3,0],[50750,2,0],[51250,3,0],[51125,0,0],[51375,0,0],[51500,1,0]],"typeOfSection":0,"altAnim":false,"mustHitSection":false,"changeBPM":false,"bpm":120},{"lengthInSteps":16,"sectionNotes":[[52000,2,0],[52125,3,0],[52250,2,0],[52375,0,0],[52625,0,0],[52500,2,0],[52875,0,0],[53000,2,0],[52750,3,0],[53125,3,0],[53250,1,0],[53375,3,0],[53500,0,375]],"typeOfSection":0,"altAnim":false,"mustHitSection":true,"changeBPM":false,"bpm":120},{"lengthInSteps":16,"sectionNotes":[[54000,2,0],[54125,3,0],[54250,2,0],[54375,0,0],[54625,0,0],[54875,0,0],[55000,2,0],[54500,3,0],[54750,2,0],[55250,3,0],[55125,0,0],[55375,0,0],[55500,1,0]],"typeOfSection":0,"altAnim":false,"mustHitSection":true,"changeBPM":false,"bpm":120},{"lengthInSteps":16,"sectionNotes":[[56000,0,0],[56125,3,0],[56250,1,0],[56375,0,0],[56500,3,0],[56625,0,0],[56750,0,0],[57000,0,0],[57125,3,0],[57250,1,0],[57375,0,0],[57500,3,0],[57625,0,0],[57750,0,0],[56875,1,0]],"typeOfSection":0,"altAnim":false,"mustHitSection":false,"changeBPM":false,"bpm":120},{"lengthInSteps":16,"sectionNotes":[[58000,0,0],[58125,3,0],[58250,1,0],[58375,0,0],[58500,3,0],[58625,0,0],[58750,0,0],[59000,0,0],[59125,3,0],[59250,1,0],[59375,0,0],[59500,3,0],[59625,0,0],[59750,0,0],[58875,1,0]],"typeOfSection":0,"altAnim":false,"mustHitSection":false,"changeBPM":false,"bpm":120},{"lengthInSteps":16,"sectionNotes":[[60000,0,0],[60125,3,0],[60250,1,0],[60375,0,0],[60500,3,0],[60625,0,0],[60750,0,0],[61000,0,0],[61125,3,0],[61250,1,0],[61375,0,0],[61500,3,0],[61625,0,0],[61750,0,0],[60875,1,0]],"typeOfSection":0,"altAnim":false,"mustHitSection":true,"changeBPM":false,"bpm":120},{"lengthInSteps":16,"sectionNotes":[[62000,0,0],[62125,3,0],[62250,1,0],[62375,0,0],[62500,3,0],[62625,0,0],[62750,0,0],[63000,0,0],[63125,3,0],[63250,1,0],[63375,0,0],[63500,3,0],[63625,0,0],[63750,0,0],[62875,1,0]],"typeOfSection":0,"altAnim":false,"mustHitSection":true,"changeBPM":false,"bpm":120},{"lengthInSteps":16,"sectionNotes":[[64500,3,0],[64750,1,0],[65000,0,250],[65375,1,0],[65875,2,0]],"typeOfSection":0,"altAnim":false,"mustHitSection":false,"changeBPM":false,"bpm":120},{"lengthInSteps":16,"sectionNotes":[[67625,0,0],[66125,2,0],[66375,2,0],[66500,0,0],[66750,0,0],[66625,1,0],[67000,3,250],[67375,3,0],[67875,1,0]],"typeOfSection":0,"altAnim":false,"mustHitSection":false,"changeBPM":false,"bpm":120},{"lengthInSteps":16,"sectionNotes":[[68500,3,0],[68750,1,0],[69000,0,250],[69375,1,0],[69875,2,0]],"typeOfSection":0,"altAnim":false,"mustHitSection":true,"changeBPM":false,"bpm":120},{"lengthInSteps":16,"sectionNotes":[[71625,0,0],[70125,2,0],[70375,2,0],[70500,0,0],[70750,0,0],[70625,1,0],[71000,3,250],[71375,3,0],[71875,1,0]],"typeOfSection":0,"altAnim":false,"mustHitSection":true,"changeBPM":false,"bpm":120},{"lengthInSteps":16,"sectionNotes":[[72000,2,125],[72250,3,0],[72500,2,0],[72625,1,0],[72750,0,0],[72875,3,250],[73250,1,0],[73500,0,0],[73750,1,0],[73875,3,250]],"typeOfSection":0,"altAnim":false,"mustHitSection":false,"changeBPM":false,"bpm":120},{"lengthInSteps":16,"sectionNotes":[[74250,1,0],[74500,3,0],[74750,2,0],[74875,3,250],[75250,1,0],[75500,0,0],[75750,3,0]],"typeOfSection":0,"altAnim":false,"mustHitSection":false,"changeBPM":false,"bpm":120},{"lengthInSteps":16,"sectionNotes":[[76000,2,125],[76250,3,0],[76500,2,0],[76625,1,0],[76750,0,0],[76875,3,250],[77250,1,0],[77500,0,0],[77750,1,0],[77875,3,250]],"typeOfSection":0,"altAnim":false,"mustHitSection":true,"changeBPM":false,"bpm":120},{"lengthInSteps":16,"sectionNotes":[[78250,1,0],[78500,3,0],[78750,2,0],[78875,3,250],[79250,1,0],[79500,0,0],[79750,3,0]],"typeOfSection":0,"altAnim":false,"mustHitSection":true,"changeBPM":false,"bpm":120},{"lengthInSteps":16,"sectionNotes":[[80000,0,0],[80125,3,0],[80250,1,0],[80375,0,0],[80500,3,0],[80625,0,0],[80750,0,0],[81000,0,0],[81125,3,0],[81250,1,0],[81375,0,0],[81500,3,0],[81625,0,0],[81750,0,0],[80875,1,0]],"typeOfSection":0,"altAnim":false,"mustHitSection":false,"changeBPM":false,"bpm":120},{"lengthInSteps":16,"sectionNotes":[[82000,0,0],[82125,3,0],[82250,1,0],[82375,0,0],[82500,3,0],[82625,0,0],[82750,0,0],[83000,0,0],[83125,3,0],[83250,1,0],[83375,0,0],[83500,3,0],[83625,0,0],[83750,0,0],[82875,1,0]],"typeOfSection":0,"altAnim":false,"mustHitSection":false,"changeBPM":false,"bpm":120},{"lengthInSteps":16,"sectionNotes":[[84000,0,0],[84125,3,0],[84250,1,0],[84375,0,0],[84500,3,0],[84625,0,0],[84750,0,0],[85000,0,0],[85125,3,0],[85250,1,0],[85375,0,0],[85500,3,0],[85625,0,0],[85750,0,0],[84875,1,0]],"typeOfSection":0,"altAnim":false,"mustHitSection":true,"changeBPM":false,"bpm":120},{"lengthInSteps":16,"sectionNotes":[[86000,0,0],[86125,3,0],[86250,1,0],[86375,0,0],[86500,3,0],[86625,0,0],[86750,0,0],[87000,0,0],[87125,3,0],[87250,1,0],[87375,0,0],[87500,3,0],[87625,0,0],[87750,0,0],[86875,1,0]],"typeOfSection":0,"altAnim":false,"mustHitSection":true,"changeBPM":false,"bpm":120},{"lengthInSteps":16,"sectionNotes":[],"typeOfSection":0,"altAnim":false,"mustHitSection":true,"changeBPM":false,"bpm":120},{"lengthInSteps":16,"sectionNotes":[],"typeOfSection":0,"altAnim":false,"mustHitSection":true,"changeBPM":false,"bpm":120},{"lengthInSteps":16,"sectionNotes":[],"typeOfSection":0,"altAnim":false,"mustHitSection":true,"changeBPM":false,"bpm":120},{"sectionNotes":[],"typeOfSection":0,"lengthInSteps":16,"altAnim":false,"mustHitSection":true,"changeBPM":false,"bpm":120},{"lengthInSteps":16,"altAnim":false,"typeOfSection":0,"sectionNotes":[],"bpm":120,"changeBPM":false,"mustHitSection":true}],"player2":"senpai-angry","gfVersion":"gf-pixel","song":"Roses","needsVoices":true,"sections":0,"stage":"school","validScore":true,"noteStyle":"pixel","bpm":120,"speed":1.5}}